support,itemsets
0.011716989634970707,frozenset({'...and you will know us by the trail of dead'})
0.029743127534925643,frozenset({'2pac'})
0.027039206849932402,frozenset({'3 doors down'})
0.030193780982424517,frozenset({'30 seconds to mars'})
0.013068949977467327,frozenset({'311'})
0.02568724650743578,frozenset({'50 cent'})
0.018476791347453808,frozenset({'65daysofstatic'})
0.02794051374493015,frozenset({'[unknown]'})
0.03650292924740874,frozenset({'a perfect circle'})
0.020279405137449302,frozenset({'a tribe called quest'})
0.012618296529968454,frozenset({'a-ha'})
0.021631365479945923,frozenset({'abba'})
0.067598017124831,frozenset({'ac/dc'})
0.010815682739972961,frozenset({'adele'})
0.01216764308246958,frozenset({'adema'})
0.02929247408742677,frozenset({'aerosmith'})
0.017124831004957188,frozenset({'aesop rock'})
0.03064443442992339,frozenset({'afi'})
0.010365029292474088,frozenset({'after forever'})
0.013519603424966201,frozenset({'against me!'})
0.06714736367733214,frozenset({'air'})
0.01892744479495268,frozenset({'akon'})
0.010815682739972961,frozenset({'al green'})
0.02298332582244254,frozenset({'alanis morissette'})
0.013519603424966201,frozenset({'alexisonfire'})
0.010815682739972961,frozenset({'alice cooper'})
0.032897701667417754,frozenset({'alice in chains'})
0.015322217214961695,frozenset({'alicia keys'})
0.02118071203244705,frozenset({'alkaline trio'})
0.015772870662460567,frozenset({'all that remains'})
0.028391167192429023,frozenset({'amon amarth'})
0.023433979269941414,frozenset({'amon tobin'})
0.01757548445245606,frozenset({'amorphis'})
0.014420910319963948,frozenset({'amy macdonald'})
0.046417305092383954,frozenset({'amy winehouse'})
0.021631365479945923,frozenset({'anathema'})
0.013970256872465074,frozenset({'anberlin'})
0.011716989634970707,frozenset({'andrew bird'})
0.013970256872465074,frozenset({'angels & airwaves'})
0.031545741324921134,frozenset({'animal collective'})
0.012618296529968454,frozenset({'anthrax'})
0.017124831004957188,frozenset({'anti-flag'})
0.012618296529968454,frozenset({'antonio vivaldi'})
0.01892744479495268,frozenset({'antony and the johnsons'})
0.05092383956737269,frozenset({'aphex twin'})
0.03830554303740424,frozenset({'apocalyptica'})
0.010365029292474088,frozenset({'apoptygma berzerk'})
0.010815682739972961,frozenset({'apparat'})
0.04821991888237945,frozenset({'arcade fire'})
0.02794051374493015,frozenset({'arch enemy'})
0.015322217214961695,frozenset({'architecture in helsinki'})
0.07120324470482199,frozenset({'arctic monkeys'})
0.01982875168995043,frozenset({'armin van buuren'})
0.017124831004957188,frozenset({'as i lay dying'})
0.014420910319963948,frozenset({'asian dub foundation'})
0.015322217214961695,frozenset({'at the drive-in'})
0.01216764308246958,frozenset({'at the gates'})
0.01757548445245606,frozenset({'atb'})
0.019378098242451555,frozenset({'atmosphere'})
0.023433979269941414,frozenset({'atreyu'})
0.027039206849932402,frozenset({'audioslave'})
0.018476791347453808,frozenset({'autechre'})
0.01982875168995043,frozenset({'avenged sevenfold'})
0.02568724650743578,frozenset({'avril lavigne'})
0.012618296529968454,frozenset({'ayreon'})
0.01757548445245606,frozenset({'babyshambles'})
0.02929247408742677,frozenset({'bad religion'})
0.02118071203244705,frozenset({'band of horses'})
0.010815682739972961,frozenset({'barenaked ladies'})
0.01622352410995944,frozenset({'basement jaxx'})
0.015322217214961695,frozenset({'basshunter'})
0.010365029292474088,frozenset({'bathory'})
0.05723298783235692,frozenset({'beastie boys'})
0.010815682739972961,frozenset({'beatsteaks'})
0.06083821541234791,frozenset({'beck'})
0.017124831004957188,frozenset({'behemoth'})
0.040558810274898605,frozenset({'beirut'})
0.03740423614240649,frozenset({'belle and sebastian'})
0.013519603424966201,frozenset({'ben folds'})
0.013068949977467327,frozenset({'ben harper'})
0.010365029292474088,frozenset({'benny benassi'})
0.014871563767462822,frozenset({'beyoncé'})
0.011716989634970707,frozenset({'biffy clyro'})
0.014420910319963948,frozenset({'billie holiday'})
0.014420910319963948,frozenset({'billy joel'})
0.028841820639927896,frozenset({'billy talent'})
0.056782334384858045,frozenset({'björk'})
0.02568724650743578,frozenset({'black eyed peas'})
0.010815682739972961,frozenset({'black flag'})
0.013068949977467327,frozenset({'black label society'})
0.010365029292474088,frozenset({'black rebel motorcycle club'})
0.04686795853988283,frozenset({'black sabbath'})
0.027039206849932402,frozenset({'blind guardian'})
0.049121225777377195,frozenset({'blink-182'})
0.06219017575484453,frozenset({'bloc party'})
0.014420910319963948,frozenset({'blonde redhead'})
0.01892744479495268,frozenset({'blondie'})
0.010365029292474088,frozenset({'bloodbath'})
0.02253267237494367,frozenset({'bloodhound gang'})
0.03199639477242001,frozenset({'blur'})
0.04957187922487607,frozenset({'boards of canada'})
0.07210455159981974,frozenset({'bob dylan'})
0.0423614240648941,frozenset({'bob marley'})
0.03470031545741325,frozenset({'bob marley & the wailers'})
0.016674177557458314,frozenset({'bon iver'})
0.01757548445245606,frozenset({'bon jovi'})
0.013068949977467327,frozenset({'bonnie prince billy'})
0.024785939612438034,frozenset({'bonobo'})
0.017124831004957188,frozenset({'booka shade'})
0.016674177557458314,frozenset({'brand new'})
0.02253267237494367,frozenset({'breaking benjamin'})
0.018476791347453808,frozenset({'brian eno'})
0.027039206849932402,frozenset({'bright eyes'})
0.014871563767462822,frozenset({'bring me the horizon'})
0.032897701667417754,frozenset({'britney spears'})
0.02568724650743578,frozenset({'broken social scene'})
0.03334835511491663,frozenset({'bruce springsteen'})
0.011266336187471835,frozenset({'buckethead'})
0.03515096890491212,frozenset({'bullet for my valentine'})
0.023433979269941414,frozenset({'burial'})
0.01216764308246958,frozenset({'busta rhymes'})
0.02253267237494367,frozenset({'cake'})
0.013970256872465074,frozenset({'cannibal corpse'})
0.01892744479495268,frozenset({'cansei de ser sexy'})
0.018476791347453808,frozenset({'cascada'})
0.022082018927444796,frozenset({'cat power'})
0.010815682739972961,frozenset({'chamillionaire'})
0.03875619648490311,frozenset({'children of bodom'})
0.013970256872465074,frozenset({'chimaira'})
0.013068949977467327,frozenset({'christina aguilera'})
0.015772870662460567,frozenset({'clint mansell'})
0.020279405137449302,frozenset({'cocorosie'})
0.018026137899954935,frozenset({'coheed and cambria'})
0.14285714285714285,frozenset({'coldplay'})
0.020279405137449302,frozenset({'common'})
0.014420910319963948,frozenset({'converge'})
0.010815682739972961,frozenset({'counting crows'})
0.021631365479945923,frozenset({'cradle of filth'})
0.011266336187471835,frozenset({'cream'})
0.010365029292474088,frozenset({'creed'})
0.035601622352410996,frozenset({'creedence clearwater revival'})
0.02118071203244705,frozenset({'crystal castles'})
0.018026137899954935,frozenset({'cut copy'})
0.028841820639927896,frozenset({'cypress hill'})
0.07886435331230283,frozenset({'daft punk'})
0.019378098242451555,frozenset({'damien rice'})
0.01216764308246958,frozenset({'danny elfman'})
0.026137899954934655,frozenset({'dark tranquillity'})
0.015322217214961695,frozenset({'dashboard confessional'})
0.01892744479495268,frozenset({'dave matthews band'})
0.07570977917981073,frozenset({'david bowie'})
0.021631365479945923,frozenset({'david guetta'})
0.011716989634970707,frozenset({'de la soul'})
0.012618296529968454,frozenset({'dead can dance'})
0.016674177557458314,frozenset({'dead kennedys'})
0.018026137899954935,frozenset({'death'})
0.06624605678233439,frozenset({'death cab for cutie'})
0.012618296529968454,frozenset({'death from above 1979'})
0.029743127534925643,frozenset({'deep purple'})
0.010815682739972961,frozenset({'deerhoof'})
0.011266336187471835,frozenset({'def leppard'})
0.03830554303740424,frozenset({'deftones'})
0.07075259125732312,frozenset({'depeche mode'})
0.020730058584948176,frozenset({'devendra banhart'})
0.011266336187471835,frozenset({'devildriver'})
0.011716989634970707,frozenset({'devo'})
0.010365029292474088,frozenset({'diana krall'})
0.020279405137449302,frozenset({'dido'})
0.01216764308246958,frozenset({'die toten hosen'})
0.015772870662460567,frozenset({'die Ärzte'})
0.020730058584948176,frozenset({'digitalism'})
0.017124831004957188,frozenset({'dimmu borgir'})
0.015322217214961695,frozenset({'dio'})
0.032897701667417754,frozenset({'dire straits'})
0.05633168093735917,frozenset({'disturbed'})
0.011716989634970707,frozenset({'dj krush'})
0.02568724650743578,frozenset({'dj shadow'})
0.010815682739972961,frozenset({'dope'})
0.02298332582244254,frozenset({'dr. dre'})
0.01892744479495268,frozenset({'dragonforce'})
0.03830554303740424,frozenset({'dream theater'})
0.011266336187471835,frozenset({'dredg'})
0.01982875168995043,frozenset({'dropkick murphys'})
0.010365029292474088,frozenset({'drowning pool'})
0.014420910319963948,frozenset({'duffy'})
0.01216764308246958,frozenset({'duran duran'})
0.015322217214961695,frozenset({'eagles'})
0.010815682739972961,frozenset({'eddie vedder'})
0.013068949977467327,frozenset({'edguy'})
0.023433979269941414,frozenset({'editors'})
0.023433979269941414,frozenset({'eels'})
0.040558810274898605,frozenset({'elliott smith'})
0.020730058584948176,frozenset({'elton john'})
0.014420910319963948,frozenset({'eluveitie'})
0.012618296529968454,frozenset({'elvis costello'})
0.032897701667417754,frozenset({'elvis presley'})
0.05452906714736368,frozenset({'eminem'})
0.020730058584948176,frozenset({'enigma'})
0.011266336187471835,frozenset({'ennio morricone'})
0.02118071203244705,frozenset({'ensiferum'})
0.014420910319963948,frozenset({'enter shikari'})
0.02794051374493015,frozenset({'enya'})
0.01216764308246958,frozenset({'epica'})
0.028841820639927896,frozenset({'eric clapton'})
0.01216764308246958,frozenset({'erykah badu'})
0.04371338440739072,frozenset({'evanescence'})
0.028391167192429023,frozenset({'explosions in the sky'})
0.022082018927444796,frozenset({'faith no more'})
0.02658855340243353,frozenset({'faithless'})
0.04146011716989635,frozenset({'fall out boy'})
0.029743127534925643,frozenset({'fatboy slim'})
0.015322217214961695,frozenset({'fear factory'})
0.03830554303740424,frozenset({'feist'})
0.02118071203244705,frozenset({'finntroll'})
0.019378098242451555,frozenset({'fleet foxes'})
0.014420910319963948,frozenset({'fleetwood mac'})
0.024785939612438034,frozenset({'flogging molly'})
0.01216764308246958,frozenset({'flying lotus'})
0.08066696710229833,frozenset({'foo fighters'})
0.01892744479495268,frozenset({'fort minor'})
0.012618296529968454,frozenset({'four tet'})
0.028841820639927896,frozenset({'frank sinatra'})
0.017124831004957188,frozenset({'frank zappa'})
0.046417305092383954,frozenset({'franz ferdinand'})
0.011266336187471835,frozenset({'frou frou'})
0.01216764308246958,frozenset({'frédéric chopin'})
0.01216764308246958,frozenset({'fugazi'})
0.015322217214961695,frozenset({'funeral for a friend'})
0.011266336187471835,frozenset({'gamma ray'})
0.013970256872465074,frozenset({'gang starr'})
0.017124831004957188,frozenset({'garbage'})
0.018026137899954935,frozenset({'genesis'})
0.013519603424966201,frozenset({'ghostface'})
0.015322217214961695,frozenset({'girl talk'})
0.023884632717440287,frozenset({'gnarls barkley'})
0.019378098242451555,frozenset({'god is an astronaut'})
0.019378098242451555,frozenset({'godsmack'})
0.011266336187471835,frozenset({'godspeed you! black emperor'})
0.013068949977467327,frozenset({'gogol bordello'})
0.011716989634970707,frozenset({'gojira'})
0.02929247408742677,frozenset({'goldfrapp'})
0.020279405137449302,frozenset({'good charlotte'})
0.055430374042361424,frozenset({'gorillaz'})
0.011716989634970707,frozenset({'gotan project'})
0.07255520504731862,frozenset({'green day'})
0.017124831004957188,frozenset({'groove armada'})
0.01982875168995043,frozenset({'guano apes'})
0.025236593059936908,frozenset({'guns n roses'})
0.01216764308246958,frozenset({'gwen stefani'})
0.013068949977467327,frozenset({'gym class heroes'})
0.016674177557458314,frozenset({'hammerfall'})
0.023884632717440287,frozenset({'hans zimmer'})
0.017124831004957188,frozenset({'hatebreed'})
0.01216764308246958,frozenset({'heaven shall burn'})
0.013068949977467327,frozenset({'hellogoodbye'})
0.02658855340243353,frozenset({'helloween'})
0.02433528616493916,frozenset({'him'})
0.015322217214961695,frozenset({'hoobastank'})
0.015772870662460567,frozenset({'hooverphonic'})
0.028391167192429023,frozenset({'hot chip'})
0.015322217214961695,frozenset({'howard shore'})
0.011266336187471835,frozenset({'ice cube'})
0.020279405137449302,frozenset({'iced earth'})
0.010815682739972961,frozenset({'iggy pop'})
0.013519603424966201,frozenset({'ill niño'})
0.010365029292474088,frozenset({'immortal'})
0.018476791347453808,frozenset({'imogen heap'})
0.013970256872465074,frozenset({'in extremo'})
0.0644434429923389,frozenset({'in flames'})
0.049121225777377195,frozenset({'incubus'})
0.027489860297431275,frozenset({'infected mushroom'})
0.04596665164488508,frozenset({'interpol'})
0.02253267237494367,frozenset({'iron & wine'})
0.07255520504731862,frozenset({'iron maiden'})
0.01892744479495268,frozenset({'isis'})
0.015322217214961695,frozenset({'j dilla'})
0.050473186119873815,frozenset({'jack johnson'})
0.020279405137449302,frozenset({'james blunt'})
0.015322217214961695,frozenset({'james brown'})
0.036953582694907616,frozenset({'jamiroquai'})
0.018476791347453808,frozenset({'jason mraz'})
0.03605227579990987,frozenset({'jay-z'})
0.011716989634970707,frozenset({'jedi mind tricks'})
0.013068949977467327,frozenset({'jeff buckley'})
0.011716989634970707,frozenset({'jefferson airplane'})
0.015772870662460567,frozenset({'jethro tull'})
0.04371338440739072,frozenset({'jimi hendrix'})
0.02118071203244705,frozenset({'jimmy eat world'})
0.013970256872465074,frozenset({'joanna newsom'})
0.013519603424966201,frozenset({'joe satriani'})
0.01757548445245606,frozenset({'johann sebastian bach'})
0.013970256872465074,frozenset({'john coltrane'})
0.01622352410995944,frozenset({'john legend'})
0.014420910319963948,frozenset({'john lennon'})
0.020730058584948176,frozenset({'john mayer'})
0.015322217214961695,frozenset({'john williams'})
0.07255520504731862,frozenset({'johnny cash'})
0.03244704821991888,frozenset({'josé gonzález'})
0.0423614240648941,frozenset({'joy division'})
0.03515096890491212,frozenset({'judas priest'})
0.015322217214961695,frozenset({'jurassic 5'})
0.036953582694907616,frozenset({'justice'})
0.023884632717440287,frozenset({'justin timberlake'})
0.02298332582244254,frozenset({'kaiser chiefs'})
0.01216764308246958,frozenset({'kamelot'})
0.06219017575484453,frozenset({'kanye west'})
0.017124831004957188,frozenset({'kasabian'})
0.022082018927444796,frozenset({'katatonia'})
0.013970256872465074,frozenset({'kate bush'})
0.010815682739972961,frozenset({'kate nash'})
0.015322217214961695,frozenset({'katie melua'})
0.024785939612438034,frozenset({'katy perry'})
0.02929247408742677,frozenset({'keane'})
0.020730058584948176,frozenset({'kelly clarkson'})
0.014420910319963948,frozenset({'kent'})
0.034249662009914375,frozenset({'killswitch engage'})
0.013970256872465074,frozenset({'king crimson'})
0.028391167192429023,frozenset({'kings of convenience'})
0.05092383956737269,frozenset({'kings of leon'})
0.022082018927444796,frozenset({'kiss'})
0.015322217214961695,frozenset({'klaxons'})
0.010365029292474088,frozenset({'kmfdm'})
0.02253267237494367,frozenset({'korpiklaani'})
0.054078413699864804,frozenset({'koЯn'})
0.013519603424966201,frozenset({'kraftwerk'})
0.015772870662460567,frozenset({'kreator'})
0.011716989634970707,frozenset({'kt tunstall'})
0.030193780982424517,frozenset({'kylie minogue'})
0.01216764308246958,frozenset({'kyuss'})
0.02253267237494367,frozenset({'lacuna coil'})
0.025236593059936908,frozenset({'lady gaga'})
0.02433528616493916,frozenset({'ladytron'})
0.013970256872465074,frozenset({'lamb'})
0.023884632717440287,frozenset({'lamb of god'})
0.010815682739972961,frozenset({'late of the pier'})
0.01622352410995944,frozenset({'lcd soundsystem'})
0.08021631365479946,frozenset({'led zeppelin'})
0.013519603424966201,frozenset({'lenny kravitz'})
0.02298332582244254,frozenset({'leonard cohen'})
0.017124831004957188,frozenset({'less than jake'})
0.017124831004957188,frozenset({'lil wayne'})
0.031545741324921134,frozenset({'lily allen'})
0.034249662009914375,frozenset({'limp bizkit'})
0.09238395673726904,frozenset({'linkin park'})
0.023433979269941414,frozenset({'lostprophets'})
0.010815682739972961,frozenset({'lou reed'})
0.01216764308246958,frozenset({'louis armstrong'})
0.011266336187471835,frozenset({'ludacris'})
0.01216764308246958,frozenset({'ludwig van beethoven'})
0.020730058584948176,frozenset({'lupe fiasco'})
0.010815682739972961,frozenset({'lynyrd skynyrd'})
0.018476791347453808,frozenset({'m.i.a.'})
0.028391167192429023,frozenset({'m83'})
0.02118071203244705,frozenset({'machine head'})
0.011716989634970707,frozenset({'madlib'})
0.049121225777377195,frozenset({'madonna'})
0.013068949977467327,frozenset({'madvillain'})
0.010815682739972961,frozenset({'mando diao'})
0.011266336187471835,frozenset({'manic street preachers'})
0.019378098242451555,frozenset({'manowar'})
0.02929247408742677,frozenset({'manu chao'})
0.010365029292474088,frozenset({'mariah carey'})
0.05002253267237494,frozenset({'marilyn manson'})
0.018026137899954935,frozenset({'maroon 5'})
0.010365029292474088,frozenset({'marvin gaye'})
0.06534474988733664,frozenset({'massive attack'})
0.023884632717440287,frozenset({'mastodon'})
0.014420910319963948,frozenset({'matisyahu'})
0.012618296529968454,frozenset({'max richter'})
0.018476791347453808,frozenset({'maxïmo park'})
0.03965750337990086,frozenset({'megadeth'})
0.013970256872465074,frozenset({'meshuggah'})
0.12798557908968003,frozenset({'metallica'})
0.011716989634970707,frozenset({'metric'})
0.012618296529968454,frozenset({'mew'})
0.015772870662460567,frozenset({'mf doom'})
0.039206849932401984,frozenset({'mgmt'})
0.010365029292474088,frozenset({'michael bublé'})
0.05272645335736818,frozenset({'michael jackson'})
0.015772870662460567,frozenset({'mika'})
0.03064443442992339,frozenset({'miles davis'})
0.020730058584948176,frozenset({'millencolin'})
0.023433979269941414,frozenset({'mindless self indulgence'})
0.011716989634970707,frozenset({'ministry'})
0.015322217214961695,frozenset({'minus the bear'})
0.02433528616493916,frozenset({'misfits'})
0.010365029292474088,frozenset({'mobb deep'})
0.06534474988733664,frozenset({'moby'})
0.04281207751239297,frozenset({'modest mouse'})
0.03605227579990987,frozenset({'mogwai'})
0.011716989634970707,frozenset({'moloko'})
0.013068949977467327,frozenset({'mono'})
0.015322217214961695,frozenset({'moonspell'})
0.025236593059936908,frozenset({'morcheeba'})
0.02433528616493916,frozenset({'morrissey'})
0.011266336187471835,frozenset({'mos def'})
0.010365029292474088,frozenset({'motion city soundtrack'})
0.03199639477242001,frozenset({'motörhead'})
0.011716989634970707,frozenset({'mudvayne'})
0.1050022532672375,frozenset({'muse'})
0.019378098242451555,frozenset({'my bloody valentine'})
0.031545741324921134,frozenset({'my chemical romance'})
0.010815682739972961,frozenset({'my dying bride'})
0.010815682739972961,frozenset({'mötley crüe'})
0.013519603424966201,frozenset({'múm'})
0.010815682739972961,frozenset({'n*e*r*d'})
0.011266336187471835,frozenset({'nada surf'})
0.031095087877422264,frozenset({'nas'})
0.03334835511491663,frozenset({'neil young'})
0.03199639477242001,frozenset({'nelly furtado'})
0.020279405137449302,frozenset({'neutral milk hotel'})
0.011716989634970707,frozenset({'new found glory'})
0.026137899954934655,frozenset({'new order'})
0.02658855340243353,frozenset({'nick cave and the bad seeds'})
0.02568724650743578,frozenset({'nick drake'})
0.0423614240648941,frozenset({'nickelback'})
0.013068949977467327,frozenset({'nightmares on wax'})
0.0626408292023434,frozenset({'nightwish'})
0.013519603424966201,frozenset({'nile'})
0.020730058584948176,frozenset({'nina simone'})
0.07480847228481298,frozenset({'nine inch nails'})
0.0914826498422713,frozenset({'nirvana'})
0.013519603424966201,frozenset({'no doubt'})
0.031545741324921134,frozenset({'nofx'})
0.029743127534925643,frozenset({'norah jones'})
0.016674177557458314,frozenset({'notorious b.i.g.'})
0.026137899954934655,frozenset({'nouvelle vague'})
0.047769265434880574,frozenset({'oasis'})
0.021631365479945923,frozenset({'of montreal'})
0.010365029292474088,frozenset({'okkervil river'})
0.011716989634970707,frozenset({'oomph!'})
0.04146011716989635,frozenset({'opeth'})
0.011266336187471835,frozenset({'orbital'})
0.020730058584948176,frozenset({'outkast'})
0.01982875168995043,frozenset({'ozzy osbourne'})
0.023433979269941414,frozenset({'p.o.d.'})
0.01982875168995043,frozenset({'panic at the disco'})
0.035601622352410996,frozenset({'pantera'})
0.031545741324921134,frozenset({'papa roach'})
0.01216764308246958,frozenset({'paradise lost'})
0.028391167192429023,frozenset({'paramore'})
0.011266336187471835,frozenset({'parkway drive'})
0.013068949977467327,frozenset({'paul van dyk'})
0.017124831004957188,frozenset({'pavement'})
0.049121225777377195,frozenset({'pearl jam'})
0.032897701667417754,frozenset({'pendulum'})
0.015772870662460567,frozenset({'pennywise'})
0.018026137899954935,frozenset({'pet shop boys'})
0.010365029292474088,frozenset({'peter bjorn and john'})
0.015322217214961695,frozenset({'peter gabriel'})
0.011716989634970707,frozenset({'phil collins'})
0.011266336187471835,frozenset({'philip glass'})
0.013970256872465074,frozenset({'phoenix'})
0.012618296529968454,frozenset({'pink'})
0.09824245155475439,frozenset({'pink floyd'})
0.0473186119873817,frozenset({'pixies'})
0.027039206849932402,frozenset({'pj harvey'})
0.06083821541234791,frozenset({'placebo'})
0.010815682739972961,frozenset({'plaid'})
0.03199639477242001,frozenset({'porcupine tree'})
0.06624605678233439,frozenset({'portishead'})
0.015322217214961695,frozenset({'prefuse 73'})
0.013068949977467327,frozenset({'prince'})
0.010815682739972961,frozenset({'public enemy'})
0.06985128436232538,frozenset({'queen'})
0.05092383956737269,frozenset({'queens of the stone age'})
0.049121225777377195,frozenset({'r.e.m.'})
0.16178458765209555,frozenset({'radiohead'})
0.05858494817485354,frozenset({'rage against the machine'})
0.07661108607480847,frozenset({'rammstein'})
0.04551599819738621,frozenset({'ramones'})
0.026137899954934655,frozenset({'rancid'})
0.02298332582244254,frozenset({'ratatat'})
0.014420910319963948,frozenset({'ray charles'})
0.015322217214961695,frozenset({'razorlight'})
0.11131140153222172,frozenset({'red hot chili peppers'})
0.011716989634970707,frozenset({'reel big fish'})
0.02568724650743578,frozenset({'regina spektor'})
0.011266336187471835,frozenset({'richard cheese'})
0.03334835511491663,frozenset({'rihanna'})
0.015772870662460567,frozenset({'rilo kiley'})
0.0473186119873817,frozenset({'rise against'})
0.02298332582244254,frozenset({'rjd2'})
0.018476791347453808,frozenset({'rob zombie'})
0.02253267237494367,frozenset({'robbie williams'})
0.013519603424966201,frozenset({'roxette'})
0.020730058584948176,frozenset({'rush'})
0.015322217214961695,frozenset({'ryan adams'})
0.01216764308246958,frozenset({'róisín murphy'})
0.04596665164488508,frozenset({'röyksopp'})
0.010365029292474088,frozenset({'sage francis'})
0.014420910319963948,frozenset({'santana'})
0.015322217214961695,frozenset({'santogold'})
0.011716989634970707,frozenset({'saosin'})
0.011716989634970707,frozenset({'sarah mclachlan'})
0.011716989634970707,frozenset({'scar symmetry'})
0.013519603424966201,frozenset({'scissor sisters'})
0.020279405137449302,frozenset({'scooter'})
0.02298332582244254,frozenset({'scorpions'})
0.010365029292474088,frozenset({'seeed'})
0.013068949977467327,frozenset({'seether'})
0.014420910319963948,frozenset({'sentenced'})
0.026137899954934655,frozenset({'sepultura'})
0.01757548445245606,frozenset({'serj tankian'})
0.010365029292474088,frozenset({'sex pistols'})
0.010365029292474088,frozenset({'shakira'})
0.014420910319963948,frozenset({'shpongle'})
0.013519603424966201,frozenset({'sia'})
0.06894997746732763,frozenset({'sigur rós'})
0.010365029292474088,frozenset({'silverchair'})
0.023884632717440287,frozenset({'simon & garfunkel'})
0.01622352410995944,frozenset({'simple plan'})
0.011266336187471835,frozenset({'siouxsie and the banshees'})
0.010365029292474088,frozenset({'skinny puppy'})
0.04371338440739072,frozenset({'slayer'})
0.055430374042361424,frozenset({'slipknot'})
0.025236593059936908,frozenset({'snoop dogg'})
0.05002253267237494,frozenset({'snow patrol'})
0.02118071203244705,frozenset({'soilwork'})
0.023884632717440287,frozenset({'sonata arctica'})
0.03875619648490311,frozenset({'sonic youth'})
0.015322217214961695,frozenset({'soulfly'})
0.013068949977467327,frozenset({'soundgarden'})
0.015322217214961695,frozenset({'soundtrack'})
0.013970256872465074,frozenset({'spoon'})
0.020279405137449302,frozenset({'squarepusher'})
0.013068949977467327,frozenset({'staind'})
0.013970256872465074,frozenset({'stars'})
0.02298332582244254,frozenset({'static-x'})
0.010365029292474088,frozenset({'steely dan'})
0.01216764308246958,frozenset({'stereolab'})
0.01622352410995944,frozenset({'stereophonics'})
0.015322217214961695,frozenset({'stevie wonder'})
0.018476791347453808,frozenset({'sting'})
0.013519603424966201,frozenset({'stone sour'})
0.014871563767462822,frozenset({'stone temple pilots'})
0.011266336187471835,frozenset({'strapping young lad'})
0.014420910319963948,frozenset({'stratovarius'})
0.023884632717440287,frozenset({'sublime'})
0.010815682739972961,frozenset({'subway to sally'})
0.043262730959891846,frozenset({'sufjan stevens'})
0.03244704821991888,frozenset({'sum 41'})
0.010815682739972961,frozenset({'supertramp'})
0.013519603424966201,frozenset({'symphony x'})
0.10184767913474538,frozenset({'system of a down'})
0.022082018927444796,frozenset({'t.i.'})
0.018026137899954935,frozenset({'taking back sunday'})
0.019378098242451555,frozenset({'talking heads'})
0.01216764308246958,frozenset({'tegan and sara'})
0.03830554303740424,frozenset({'tenacious d'})
0.01216764308246958,frozenset({'testament'})
0.011266336187471835,frozenset({'the album leaf'})
0.014871563767462822,frozenset({'the all-american rejects'})
0.02929247408742677,frozenset({'the beach boys'})
0.16133393420459666,frozenset({'the beatles'})
0.011716989634970707,frozenset({'the black dahlia murder'})
0.012618296529968454,frozenset({'the black keys'})
0.01757548445245606,frozenset({'the cardigans'})
0.05362776025236593,frozenset({'the chemical brothers'})
0.026137899954934655,frozenset({'the cinematic orchestra'})
0.0473186119873817,frozenset({'the clash'})
0.024785939612438034,frozenset({'the cranberries'})
0.014871563767462822,frozenset({'the crystal method'})
0.07345651194231635,frozenset({'the cure'})
0.02433528616493916,frozenset({'the decemberists'})
0.013970256872465074,frozenset({'the dillinger escape plan'})
0.05092383956737269,frozenset({'the doors'})
0.014420910319963948,frozenset({'the dresden dolls'})
0.010815682739972961,frozenset({'the fall of troy'})
0.027489860297431275,frozenset({'the flaming lips'})
0.01622352410995944,frozenset({'the fratellis'})
0.013068949977467327,frozenset({'the fray'})
0.014871563767462822,frozenset({'the future sound of london'})
0.016674177557458314,frozenset({'the game'})
0.011716989634970707,frozenset({'the gathering'})
0.02568724650743578,frozenset({'the hives'})
0.011266336187471835,frozenset({'the jesus and mary chain'})
0.018026137899954935,frozenset({'the jimi hendrix experience'})
0.08742676881478144,frozenset({'the killers'})
0.02568724650743578,frozenset({'the kinks'})
0.028391167192429023,frozenset({'the knife'})
0.035601622352410996,frozenset({'the kooks'})
0.015322217214961695,frozenset({'the libertines'})
0.01216764308246958,frozenset({'the magnetic fields'})
0.028391167192429023,frozenset({'the mars volta'})
0.025236593059936908,frozenset({'the national'})
0.011716989634970707,frozenset({'the new pornographers'})
0.07165389815232087,frozenset({'the offspring'})
0.013068949977467327,frozenset({'the pogues'})
0.02433528616493916,frozenset({'the police'})
0.023884632717440287,frozenset({'the postal service'})
0.0761604326273096,frozenset({'the prodigy'})
0.01216764308246958,frozenset({'the pussycat dolls'})
0.010365029292474088,frozenset({'the raconteurs'})
0.05858494817485354,frozenset({'the rolling stones'})
0.01982875168995043,frozenset({'the roots'})
0.035601622352410996,frozenset({'the shins'})
0.05993690851735016,frozenset({'the smashing pumpkins'})
0.05452906714736368,frozenset({'the smiths'})
0.01216764308246958,frozenset({'the sounds'})
0.014871563767462822,frozenset({'the streets'})
0.05092383956737269,frozenset({'the strokes'})
0.013970256872465074,frozenset({'the ting tings'})
0.018026137899954935,frozenset({'the used'})
0.03064443442992339,frozenset({'the velvet underground'})
0.013068949977467327,frozenset({'the verve'})
0.061739522307345654,frozenset({'the white stripes'})
0.013068949977467327,frozenset({'the whitest boy alive'})
0.031545741324921134,frozenset({'the who'})
0.010815682739972961,frozenset({'therion'})
0.03515096890491212,frozenset({'thievery corporation'})
0.02298332582244254,frozenset({'three days grace'})
0.017124831004957188,frozenset({'thrice'})
0.010365029292474088,frozenset({'thursday'})
0.024785939612438034,frozenset({'timbaland'})
0.020730058584948176,frozenset({'tiësto'})
0.011266336187471835,frozenset({'tokyo police club'})
0.050473186119873815,frozenset({'tom waits'})
0.05362776025236593,frozenset({'tool'})
0.022082018927444796,frozenset({'tori amos'})
0.010365029292474088,frozenset({'tortoise'})
0.015322217214961695,frozenset({'travis'})
0.010365029292474088,frozenset({'trentemøller'})
0.011266336187471835,frozenset({'tricky'})
0.020279405137449302,frozenset({'trivium'})
0.02298332582244254,frozenset({'tv on the radio'})
0.011266336187471835,frozenset({'type o negative'})
0.06309148264984227,frozenset({'u2'})
0.010815682739972961,frozenset({'ulver'})
0.014871563767462822,frozenset({'underoath'})
0.016674177557458314,frozenset({'underworld'})
0.016674177557458314,frozenset({'unkle'})
0.018026137899954935,frozenset({'vampire weekend'})
0.017124831004957188,frozenset({'van halen'})
0.012618296529968454,frozenset({'van morrison'})
0.015322217214961695,frozenset({'vangelis'})
0.014420910319963948,frozenset({'venetian snares'})
0.014871563767462822,frozenset({'volbeat'})
0.018026137899954935,frozenset({'weezer'})
0.013970256872465074,frozenset({'wilco'})
0.014420910319963948,frozenset({'within temptation'})
0.011716989634970707,frozenset({'wu-tang clan'})
0.022082018927444796,frozenset({'yann tiersen'})
0.013068949977467327,frozenset({'yeah yeah yeahs'})
0.010815682739972961,frozenset({'yo la tengo'})
0.014420910319963948,frozenset({'zero 7'})
0.011266336187471835,"frozenset({'2pac', 'kanye west'})"
0.011716989634970707,"frozenset({'3 doors down', 'linkin park'})"
0.011266336187471835,"frozenset({'30 seconds to mars', 'linkin park'})"
0.010815682739972961,"frozenset({'50 cent', 'eminem'})"
0.010815682739972961,"frozenset({'kanye west', '50 cent'})"
0.010365029292474088,"frozenset({'50 cent', 't.i.'})"
0.010365029292474088,"frozenset({'a perfect circle', 'foo fighters'})"
0.010365029292474088,"frozenset({'a perfect circle', 'incubus'})"
0.011266336187471835,"frozenset({'a perfect circle', 'nine inch nails'})"
0.013970256872465074,"frozenset({'a perfect circle', 'radiohead'})"
0.016674177557458314,"frozenset({'a perfect circle', 'tool'})"
0.01216764308246958,"frozenset({'aerosmith', 'ac/dc'})"
0.016674177557458314,"frozenset({'ac/dc', 'black sabbath'})"
0.010815682739972961,"frozenset({'foo fighters', 'ac/dc'})"
0.02253267237494367,"frozenset({'iron maiden', 'ac/dc'})"
0.01757548445245606,"frozenset({'judas priest', 'ac/dc'})"
0.017124831004957188,"frozenset({'led zeppelin', 'ac/dc'})"
0.013519603424966201,"frozenset({'megadeth', 'ac/dc'})"
0.02794051374493015,"frozenset({'metallica', 'ac/dc'})"
0.01216764308246958,"frozenset({'motörhead', 'ac/dc'})"
0.01216764308246958,"frozenset({'ac/dc', 'nirvana'})"
0.010365029292474088,"frozenset({'pearl jam', 'ac/dc'})"
0.013519603424966201,"frozenset({'pink floyd', 'ac/dc'})"
0.010365029292474088,"frozenset({'rage against the machine', 'ac/dc'})"
0.013068949977467327,"frozenset({'rammstein', 'ac/dc'})"
0.015772870662460567,"frozenset({'red hot chili peppers', 'ac/dc'})"
0.010365029292474088,"frozenset({'slayer', 'ac/dc'})"
0.012618296529968454,"frozenset({'system of a down', 'ac/dc'})"
0.019378098242451555,"frozenset({'the beatles', 'ac/dc'})"
0.013068949977467327,"frozenset({'the offspring', 'ac/dc'})"
0.011716989634970707,"frozenset({'ac/dc', 'the rolling stones'})"
0.010815682739972961,"frozenset({'aerosmith', 'metallica'})"
0.012618296529968454,"frozenset({'beck', 'air'})"
0.012618296529968454,"frozenset({'björk', 'air'})"
0.011716989634970707,"frozenset({'boards of canada', 'air'})"
0.013519603424966201,"frozenset({'air', 'coldplay'})"
0.015772870662460567,"frozenset({'daft punk', 'air'})"
0.011266336187471835,"frozenset({'air', 'david bowie'})"
0.010815682739972961,"frozenset({'depeche mode', 'air'})"
0.011266336187471835,"frozenset({'air', 'goldfrapp'})"
0.02118071203244705,"frozenset({'air', 'massive attack'})"
0.013068949977467327,"frozenset({'air', 'moby'})"
0.010815682739972961,"frozenset({'muse', 'air'})"
0.011266336187471835,"frozenset({'air', 'pink floyd'})"
0.015772870662460567,"frozenset({'portishead', 'air'})"
0.026137899954934655,"frozenset({'air', 'radiohead'})"
0.011266336187471835,"frozenset({'red hot chili peppers', 'air'})"
0.013519603424966201,"frozenset({'air', 'röyksopp'})"
0.010815682739972961,"frozenset({'sigur rós', 'air'})"
0.013519603424966201,"frozenset({'air', 'the beatles'})"
0.012618296529968454,"frozenset({'air', 'the chemical brothers'})"
0.01216764308246958,"frozenset({'alice in chains', 'metallica'})"
0.012618296529968454,"frozenset({'alice in chains', 'pearl jam'})"
0.010815682739972961,"frozenset({'alice in chains', 'pink floyd'})"
0.014420910319963948,"frozenset({'in flames', 'amon amarth'})"
0.013068949977467327,"frozenset({'amy winehouse', 'coldplay'})"
0.010815682739972961,"frozenset({'the beatles', 'amy winehouse'})"
0.013068949977467327,"frozenset({'animal collective', 'radiohead'})"
0.012618296529968454,"frozenset({'björk', 'aphex twin'})"
0.017124831004957188,"frozenset({'boards of canada', 'aphex twin'})"
0.010365029292474088,"frozenset({'aphex twin', 'massive attack'})"
0.022082018927444796,"frozenset({'aphex twin', 'radiohead'})"
0.010365029292474088,"frozenset({'sigur rós', 'aphex twin'})"
0.011266336187471835,"frozenset({'aphex twin', 'squarepusher'})"
0.011716989634970707,"frozenset({'aphex twin', 'the beatles'})"
0.010365029292474088,"frozenset({'the chemical brothers', 'aphex twin'})"
0.013970256872465074,"frozenset({'metallica', 'apocalyptica'})"
0.012618296529968454,"frozenset({'apocalyptica', 'nightwish'})"
0.012618296529968454,"frozenset({'rammstein', 'apocalyptica'})"
0.014420910319963948,"frozenset({'system of a down', 'apocalyptica'})"
0.01216764308246958,"frozenset({'arcade fire', 'beck'})"
0.013068949977467327,"frozenset({'arcade fire', 'coldplay'})"
0.013519603424966201,"frozenset({'arcade fire', 'david bowie'})"
0.011716989634970707,"frozenset({'arcade fire', 'muse'})"
0.010815682739972961,"frozenset({'arcade fire', 'pixies'})"
0.02298332582244254,"frozenset({'arcade fire', 'radiohead'})"
0.01216764308246958,"frozenset({'arcade fire', 'sigur rós'})"
0.014871563767462822,"frozenset({'arcade fire', 'the beatles'})"
0.010365029292474088,"frozenset({'arcade fire', 'tv on the radio'})"
0.010815682739972961,"frozenset({'children of bodom', 'arch enemy'})"
0.014420910319963948,"frozenset({'in flames', 'arch enemy'})"
0.011716989634970707,"frozenset({'metallica', 'arch enemy'})"
0.010815682739972961,"frozenset({'slayer', 'arch enemy'})"
0.019378098242451555,"frozenset({'bloc party', 'arctic monkeys'})"
0.024785939612438034,"frozenset({'arctic monkeys', 'coldplay'})"
0.018476791347453808,"frozenset({'foo fighters', 'arctic monkeys'})"
0.016674177557458314,"frozenset({'franz ferdinand', 'arctic monkeys'})"
0.011266336187471835,"frozenset({'green day', 'arctic monkeys'})"
0.010815682739972961,"frozenset({'interpol', 'arctic monkeys'})"
0.013068949977467327,"frozenset({'jack johnson', 'arctic monkeys'})"
0.01622352410995944,"frozenset({'arctic monkeys', 'kings of leon'})"
0.010365029292474088,"frozenset({'linkin park', 'arctic monkeys'})"
0.020279405137449302,"frozenset({'muse', 'arctic monkeys'})"
0.011266336187471835,"frozenset({'arctic monkeys', 'nirvana'})"
0.011266336187471835,"frozenset({'oasis', 'arctic monkeys'})"
0.011266336187471835,"frozenset({'placebo', 'arctic monkeys'})"
0.02118071203244705,"frozenset({'radiohead', 'arctic monkeys'})"
0.014871563767462822,"frozenset({'red hot chili peppers', 'arctic monkeys'})"
0.01216764308246958,"frozenset({'snow patrol', 'arctic monkeys'})"
0.011266336187471835,"frozenset({'system of a down', 'arctic monkeys'})"
0.01892744479495268,"frozenset({'the beatles', 'arctic monkeys'})"
0.010815682739972961,"frozenset({'arctic monkeys', 'the hives'})"
0.02253267237494367,"frozenset({'the killers', 'arctic monkeys'})"
0.013519603424966201,"frozenset({'the kooks', 'arctic monkeys'})"
0.010365029292474088,"frozenset({'the offspring', 'arctic monkeys'})"
0.014871563767462822,"frozenset({'the strokes', 'arctic monkeys'})"
0.01622352410995944,"frozenset({'the white stripes', 'arctic monkeys'})"
0.010815682739972961,"frozenset({'foo fighters', 'audioslave'})"
0.010815682739972961,"frozenset({'beastie boys', 'beck'})"
0.010815682739972961,"frozenset({'beastie boys', 'led zeppelin'})"
0.016674177557458314,"frozenset({'beastie boys', 'radiohead'})"
0.011266336187471835,"frozenset({'beastie boys', 'red hot chili peppers'})"
0.017124831004957188,"frozenset({'beastie boys', 'the beatles'})"
0.011266336187471835,"frozenset({'beastie boys', 'the chemical brothers'})"
0.01216764308246958,"frozenset({'beck', 'björk'})"
0.010815682739972961,"frozenset({'beck', 'bob dylan'})"
0.01622352410995944,"frozenset({'beck', 'coldplay'})"
0.012618296529968454,"frozenset({'beck', 'david bowie'})"
0.011266336187471835,"frozenset({'beck', 'death cab for cutie'})"
0.012618296529968454,"frozenset({'beck', 'modest mouse'})"
0.010365029292474088,"frozenset({'beck', 'queens of the stone age'})"
0.028391167192429023,"frozenset({'beck', 'radiohead'})"
0.010365029292474088,"frozenset({'beck', 'sigur rós'})"
0.02298332582244254,"frozenset({'beck', 'the beatles'})"
0.011266336187471835,"frozenset({'beck', 'the cure'})"
0.010815682739972961,"frozenset({'the flaming lips', 'beck'})"
0.011716989634970707,"frozenset({'beck', 'the shins'})"
0.015322217214961695,"frozenset({'beirut', 'radiohead'})"
0.017124831004957188,"frozenset({'belle and sebastian', 'radiohead'})"
0.011266336187471835,"frozenset({'belle and sebastian', 'sufjan stevens'})"
0.011716989634970707,"frozenset({'belle and sebastian', 'the beatles'})"
0.010365029292474088,"frozenset({'depeche mode', 'björk'})"
0.013519603424966201,"frozenset({'björk', 'massive attack'})"
0.010365029292474088,"frozenset({'björk', 'pink floyd'})"
0.01622352410995944,"frozenset({'portishead', 'björk'})"
0.023884632717440287,"frozenset({'björk', 'radiohead'})"
0.011716989634970707,"frozenset({'björk', 'sigur rós'})"
0.013519603424966201,"frozenset({'björk', 'the beatles'})"
0.014871563767462822,"frozenset({'iron maiden', 'black sabbath'})"
0.013068949977467327,"frozenset({'judas priest', 'black sabbath'})"
0.015322217214961695,"frozenset({'led zeppelin', 'black sabbath'})"
0.012618296529968454,"frozenset({'megadeth', 'black sabbath'})"
0.02298332582244254,"frozenset({'metallica', 'black sabbath'})"
0.011716989634970707,"frozenset({'motörhead', 'black sabbath'})"
0.011716989634970707,"frozenset({'slayer', 'black sabbath'})"
0.011716989634970707,"frozenset({'the beatles', 'black sabbath'})"
0.010815682739972961,"frozenset({'iron maiden', 'blind guardian'})"
0.012618296529968454,"frozenset({'metallica', 'blind guardian'})"
0.010815682739972961,"frozenset({'blink-182', 'coldplay'})"
0.011266336187471835,"frozenset({'blink-182', 'foo fighters'})"
0.01622352410995944,"frozenset({'blink-182', 'green day'})"
0.013970256872465074,"frozenset({'blink-182', 'linkin park'})"
0.010365029292474088,"frozenset({'blink-182', 'metallica'})"
0.010815682739972961,"frozenset({'rammstein', 'blink-182'})"
0.012618296529968454,"frozenset({'blink-182', 'sum 41'})"
0.014871563767462822,"frozenset({'blink-182', 'system of a down'})"
0.015322217214961695,"frozenset({'the offspring', 'blink-182'})"
0.018026137899954935,"frozenset({'bloc party', 'coldplay'})"
0.010365029292474088,"frozenset({'daft punk', 'bloc party'})"
0.015322217214961695,"frozenset({'bloc party', 'death cab for cutie'})"
0.01216764308246958,"frozenset({'bloc party', 'foo fighters'})"
0.010815682739972961,"frozenset({'bloc party', 'franz ferdinand'})"
0.011266336187471835,"frozenset({'bloc party', 'interpol'})"
0.010815682739972961,"frozenset({'bloc party', 'justice'})"
0.01216764308246958,"frozenset({'bloc party', 'kings of leon'})"
0.018476791347453808,"frozenset({'muse', 'bloc party'})"
0.020279405137449302,"frozenset({'bloc party', 'radiohead'})"
0.011716989634970707,"frozenset({'bloc party', 'red hot chili peppers'})"
0.010365029292474088,"frozenset({'bloc party', 'snow patrol'})"
0.016674177557458314,"frozenset({'bloc party', 'the beatles'})"
0.019378098242451555,"frozenset({'the killers', 'bloc party'})"
0.01216764308246958,"frozenset({'the kooks', 'bloc party'})"
0.010365029292474088,"frozenset({'bloc party', 'the shins'})"
0.010815682739972961,"frozenset({'bloc party', 'the strokes'})"
0.014871563767462822,"frozenset({'blur', 'radiohead'})"
0.011716989634970707,"frozenset({'blur', 'the beatles'})"
0.01622352410995944,"frozenset({'boards of canada', 'radiohead'})"
0.015772870662460567,"frozenset({'bob dylan', 'coldplay'})"
0.01757548445245606,"frozenset({'bob dylan', 'david bowie'})"
0.010815682739972961,"frozenset({'elliott smith', 'bob dylan'})"
0.010815682739972961,"frozenset({'bob dylan', 'jimi hendrix'})"
0.017124831004957188,"frozenset({'bob dylan', 'johnny cash'})"
0.015322217214961695,"frozenset({'bob dylan', 'led zeppelin'})"
0.014420910319963948,"frozenset({'neil young', 'bob dylan'})"
0.010815682739972961,"frozenset({'bob dylan', 'nirvana'})"
0.014420910319963948,"frozenset({'bob dylan', 'pink floyd'})"
0.02118071203244705,"frozenset({'bob dylan', 'radiohead'})"
0.011266336187471835,"frozenset({'bob dylan', 'red hot chili peppers'})"
0.028391167192429023,"frozenset({'bob dylan', 'the beatles'})"
0.013068949977467327,"frozenset({'bob dylan', 'the doors'})"
0.017124831004957188,"frozenset({'bob dylan', 'the rolling stones'})"
0.01216764308246958,"frozenset({'bob dylan', 'the velvet underground'})"
0.015322217214961695,"frozenset({'bob dylan', 'tom waits'})"
0.013519603424966201,"frozenset({'the beatles', 'bob marley & the wailers'})"
0.013068949977467327,"frozenset({'britney spears', 'madonna'})"
0.011716989634970707,"frozenset({'britney spears', 'rihanna'})"
0.014420910319963948,"frozenset({'radiohead', 'broken social scene'})"
0.012618296529968454,"frozenset({'bruce springsteen', 'the beatles'})"
0.011266336187471835,"frozenset({'disturbed', 'bullet for my valentine'})"
0.013970256872465074,"frozenset({'bullet for my valentine', 'linkin park'})"
0.010815682739972961,"frozenset({'metallica', 'bullet for my valentine'})"
0.010365029292474088,"frozenset({'bullet for my valentine', 'papa roach'})"
0.012618296529968454,"frozenset({'bullet for my valentine', 'system of a down'})"
0.011266336187471835,"frozenset({'disturbed', 'children of bodom'})"
0.020730058584948176,"frozenset({'children of bodom', 'in flames'})"
0.014420910319963948,"frozenset({'iron maiden', 'children of bodom'})"
0.018476791347453808,"frozenset({'children of bodom', 'metallica'})"
0.013068949977467327,"frozenset({'children of bodom', 'nightwish'})"
0.013068949977467327,"frozenset({'children of bodom', 'rammstein'})"
0.013068949977467327,"frozenset({'slayer', 'children of bodom'})"
0.013068949977467327,"frozenset({'children of bodom', 'system of a down'})"
0.019378098242451555,"frozenset({'daft punk', 'coldplay'})"
0.01622352410995944,"frozenset({'david bowie', 'coldplay'})"
0.02253267237494367,"frozenset({'death cab for cutie', 'coldplay'})"
0.01757548445245606,"frozenset({'depeche mode', 'coldplay'})"
0.010815682739972961,"frozenset({'fall out boy', 'coldplay'})"
0.01216764308246958,"frozenset({'feist', 'coldplay'})"
0.021631365479945923,"frozenset({'foo fighters', 'coldplay'})"
0.01622352410995944,"frozenset({'franz ferdinand', 'coldplay'})"
0.013519603424966201,"frozenset({'gorillaz', 'coldplay'})"
0.015322217214961695,"frozenset({'green day', 'coldplay'})"
0.014420910319963948,"frozenset({'incubus', 'coldplay'})"
0.011716989634970707,"frozenset({'interpol', 'coldplay'})"
0.01892744479495268,"frozenset({'jack johnson', 'coldplay'})"
0.013068949977467327,"frozenset({'coldplay', 'johnny cash'})"
0.010365029292474088,"frozenset({'kaiser chiefs', 'coldplay'})"
0.017124831004957188,"frozenset({'kanye west', 'coldplay'})"
0.019378098242451555,"frozenset({'keane', 'coldplay'})"
0.018026137899954935,"frozenset({'coldplay', 'kings of leon'})"
0.015322217214961695,"frozenset({'led zeppelin', 'coldplay'})"
0.023433979269941414,"frozenset({'linkin park', 'coldplay'})"
0.015322217214961695,"frozenset({'madonna', 'coldplay'})"
0.013970256872465074,"frozenset({'massive attack', 'coldplay'})"
0.013068949977467327,"frozenset({'metallica', 'coldplay'})"
0.011266336187471835,"frozenset({'mgmt', 'coldplay'})"
0.014420910319963948,"frozenset({'michael jackson', 'coldplay'})"
0.02118071203244705,"frozenset({'moby', 'coldplay'})"
0.031095087877422264,"frozenset({'muse', 'coldplay'})"
0.011716989634970707,"frozenset({'nickelback', 'coldplay'})"
0.012618296529968454,"frozenset({'nine inch nails', 'coldplay'})"
0.01757548445245606,"frozenset({'coldplay', 'nirvana'})"
0.020279405137449302,"frozenset({'oasis', 'coldplay'})"
0.011716989634970707,"frozenset({'pearl jam', 'coldplay'})"
0.025236593059936908,"frozenset({'pink floyd', 'coldplay'})"
0.013970256872465074,"frozenset({'placebo', 'coldplay'})"
0.01216764308246958,"frozenset({'portishead', 'coldplay'})"
0.020279405137449302,"frozenset({'queen', 'coldplay'})"
0.013519603424966201,"frozenset({'r.e.m.', 'coldplay'})"
0.04551599819738621,"frozenset({'radiohead', 'coldplay'})"
0.010815682739972961,"frozenset({'rage against the machine', 'coldplay'})"
0.010815682739972961,"frozenset({'rammstein', 'coldplay'})"
0.029743127534925643,"frozenset({'red hot chili peppers', 'coldplay'})"
0.013068949977467327,"frozenset({'röyksopp', 'coldplay'})"
0.02253267237494367,"frozenset({'sigur rós', 'coldplay'})"
0.026137899954934655,"frozenset({'snow patrol', 'coldplay'})"
0.020279405137449302,"frozenset({'system of a down', 'coldplay'})"
0.03965750337990086,"frozenset({'the beatles', 'coldplay'})"
0.016674177557458314,"frozenset({'the cure', 'coldplay'})"
0.03244704821991888,"frozenset({'the killers', 'coldplay'})"
0.015322217214961695,"frozenset({'the kooks', 'coldplay'})"
0.013970256872465074,"frozenset({'the offspring', 'coldplay'})"
0.011266336187471835,"frozenset({'the prodigy', 'coldplay'})"
0.011716989634970707,"frozenset({'coldplay', 'the rolling stones'})"
0.012618296529968454,"frozenset({'the shins', 'coldplay'})"
0.014420910319963948,"frozenset({'the smashing pumpkins', 'coldplay'})"
0.01622352410995944,"frozenset({'the strokes', 'coldplay'})"
0.013068949977467327,"frozenset({'the white stripes', 'coldplay'})"
0.027039206849932402,"frozenset({'u2', 'coldplay'})"
0.010365029292474088,"frozenset({'kanye west', 'common'})"
0.011266336187471835,"frozenset({'metallica', 'cradle of filth'})"
0.011266336187471835,"frozenset({'led zeppelin', 'creedence clearwater revival'})"
0.011266336187471835,"frozenset({'the beatles', 'creedence clearwater revival'})"
0.010815682739972961,"frozenset({'creedence clearwater revival', 'the rolling stones'})"
0.010815682739972961,"frozenset({'daft punk', 'fatboy slim'})"
0.010365029292474088,"frozenset({'daft punk', 'gorillaz'})"
0.012618296529968454,"frozenset({'daft punk', 'justice'})"
0.010365029292474088,"frozenset({'daft punk', 'kanye west'})"
0.011266336187471835,"frozenset({'daft punk', 'linkin park'})"
0.010365029292474088,"frozenset({'daft punk', 'metallica'})"
0.011716989634970707,"frozenset({'daft punk', 'moby'})"
0.011716989634970707,"frozenset({'muse', 'daft punk'})"
0.020279405137449302,"frozenset({'daft punk', 'radiohead'})"
0.015772870662460567,"frozenset({'daft punk', 'red hot chili peppers'})"
0.01216764308246958,"frozenset({'daft punk', 'röyksopp'})"
0.014871563767462822,"frozenset({'daft punk', 'the beatles'})"
0.015322217214961695,"frozenset({'daft punk', 'the chemical brothers'})"
0.013068949977467327,"frozenset({'the killers', 'daft punk'})"
0.013068949977467327,"frozenset({'in flames', 'dark tranquillity'})"
0.010815682739972961,"frozenset({'dark tranquillity', 'metallica'})"
0.014871563767462822,"frozenset({'depeche mode', 'david bowie'})"
0.015322217214961695,"frozenset({'david bowie', 'johnny cash'})"
0.018026137899954935,"frozenset({'led zeppelin', 'david bowie'})"
0.01216764308246958,"frozenset({'david bowie', 'nirvana'})"
0.020279405137449302,"frozenset({'david bowie', 'pink floyd'})"
0.013068949977467327,"frozenset({'david bowie', 'queen'})"
0.026137899954934655,"frozenset({'david bowie', 'radiohead'})"
0.010815682739972961,"frozenset({'david bowie', 'sonic youth'})"
0.03064443442992339,"frozenset({'david bowie', 'the beatles'})"
0.017124831004957188,"frozenset({'david bowie', 'the cure'})"
0.010815682739972961,"frozenset({'the doors', 'david bowie'})"
0.013519603424966201,"frozenset({'david bowie', 'the rolling stones'})"
0.010365029292474088,"frozenset({'david bowie', 'the smashing pumpkins'})"
0.011266336187471835,"frozenset({'david bowie', 'the smiths'})"
0.010815682739972961,"frozenset({'the white stripes', 'david bowie'})"
0.011266336187471835,"frozenset({'david bowie', 'the who'})"
0.010815682739972961,"frozenset({'david bowie', 'tom waits'})"
0.010815682739972961,"frozenset({'u2', 'david bowie'})"
0.010815682739972961,"frozenset({'slayer', 'death'})"
0.011266336187471835,"frozenset({'death cab for cutie', 'incubus'})"
0.012618296529968454,"frozenset({'interpol', 'death cab for cutie'})"
0.011266336187471835,"frozenset({'death cab for cutie', 'josé gonzález'})"
0.01216764308246958,"frozenset({'death cab for cutie', 'modest mouse'})"
0.014420910319963948,"frozenset({'muse', 'death cab for cutie'})"
0.011716989634970707,"frozenset({'pink floyd', 'death cab for cutie'})"
0.010365029292474088,"frozenset({'portishead', 'death cab for cutie'})"
0.028841820639927896,"frozenset({'radiohead', 'death cab for cutie'})"
0.014871563767462822,"frozenset({'sigur rós', 'death cab for cutie'})"
0.010365029292474088,"frozenset({'death cab for cutie', 'sufjan stevens'})"
0.01892744479495268,"frozenset({'the beatles', 'death cab for cutie'})"
0.016674177557458314,"frozenset({'the killers', 'death cab for cutie'})"
0.010815682739972961,"frozenset({'the postal service', 'death cab for cutie'})"
0.014420910319963948,"frozenset({'the shins', 'death cab for cutie'})"
0.011716989634970707,"frozenset({'the smashing pumpkins', 'death cab for cutie'})"
0.010815682739972961,"frozenset({'the white stripes', 'death cab for cutie'})"
0.01216764308246958,"frozenset({'led zeppelin', 'deep purple'})"
0.01216764308246958,"frozenset({'deep purple', 'metallica'})"
0.011266336187471835,"frozenset({'deep purple', 'pink floyd'})"
0.010365029292474088,"frozenset({'deep purple', 'the beatles'})"
0.014420910319963948,"frozenset({'nine inch nails', 'deftones'})"
0.013068949977467327,"frozenset({'radiohead', 'deftones'})"
0.010365029292474088,"frozenset({'tool', 'deftones'})"
0.010815682739972961,"frozenset({'depeche mode', 'madonna'})"
0.012618296529968454,"frozenset({'depeche mode', 'massive attack'})"
0.010815682739972961,"frozenset({'depeche mode', 'metallica'})"
0.013519603424966201,"frozenset({'depeche mode', 'moby'})"
0.010365029292474088,"frozenset({'depeche mode', 'new order'})"
0.010815682739972961,"frozenset({'depeche mode', 'nine inch nails'})"
0.010815682739972961,"frozenset({'depeche mode', 'nirvana'})"
0.011266336187471835,"frozenset({'depeche mode', 'pink floyd'})"
0.010365029292474088,"frozenset({'depeche mode', 'placebo'})"
0.010815682739972961,"frozenset({'depeche mode', 'portishead'})"
0.01622352410995944,"frozenset({'depeche mode', 'radiohead'})"
0.010365029292474088,"frozenset({'depeche mode', 'röyksopp'})"
0.013068949977467327,"frozenset({'depeche mode', 'the beatles'})"
0.016674177557458314,"frozenset({'depeche mode', 'the cure'})"
0.011716989634970707,"frozenset({'depeche mode', 'the killers'})"
0.010815682739972961,"frozenset({'depeche mode', 'the prodigy'})"
0.012618296529968454,"frozenset({'depeche mode', 'u2'})"
0.011266336187471835,"frozenset({'devendra banhart', 'radiohead'})"
0.013970256872465074,"frozenset({'pink floyd', 'dire straits'})"
0.011266336187471835,"frozenset({'the beatles', 'dire straits'})"
0.010365029292474088,"frozenset({'disturbed', 'foo fighters'})"
0.010815682739972961,"frozenset({'disturbed', 'godsmack'})"
0.013970256872465074,"frozenset({'disturbed', 'in flames'})"
0.014871563767462822,"frozenset({'iron maiden', 'disturbed'})"
0.01982875168995043,"frozenset({'disturbed', 'koЯn'})"
0.019378098242451555,"frozenset({'disturbed', 'linkin park'})"
0.02253267237494367,"frozenset({'disturbed', 'metallica'})"
0.010815682739972961,"frozenset({'disturbed', 'nightwish'})"
0.013068949977467327,"frozenset({'disturbed', 'papa roach'})"
0.014871563767462822,"frozenset({'disturbed', 'rammstein'})"
0.011266336187471835,"frozenset({'disturbed', 'red hot chili peppers'})"
0.017124831004957188,"frozenset({'disturbed', 'slipknot'})"
0.02298332582244254,"frozenset({'disturbed', 'system of a down'})"
0.015772870662460567,"frozenset({'disturbed', 'the offspring'})"
0.011716989634970707,"frozenset({'dr. dre', 'eminem'})"
0.010365029292474088,"frozenset({'dr. dre', 'kanye west'})"
0.011716989634970707,"frozenset({'iron maiden', 'dream theater'})"
0.01622352410995944,"frozenset({'metallica', 'dream theater'})"
0.010365029292474088,"frozenset({'editors', 'interpol'})"
0.021631365479945923,"frozenset({'elliott smith', 'radiohead'})"
0.010365029292474088,"frozenset({'elliott smith', 'sigur rós'})"
0.014871563767462822,"frozenset({'elliott smith', 'the beatles'})"
0.013068949977467327,"frozenset({'elvis presley', 'the beatles'})"
0.011266336187471835,"frozenset({'jay-z', 'eminem'})"
0.011716989634970707,"frozenset({'kanye west', 'eminem'})"
0.016674177557458314,"frozenset({'linkin park', 'eminem'})"
0.010815682739972961,"frozenset({'nas', 'eminem'})"
0.011266336187471835,"frozenset({'red hot chili peppers', 'eminem'})"
0.011266336187471835,"frozenset({'snoop dogg', 'eminem'})"
0.010815682739972961,"frozenset({'system of a down', 'eminem'})"
0.010815682739972961,"frozenset({'the beatles', 'eric clapton'})"
0.013970256872465074,"frozenset({'evanescence', 'linkin park'})"
0.010815682739972961,"frozenset({'evanescence', 'nightwish'})"
0.011266336187471835,"frozenset({'explosions in the sky', 'mogwai'})"
0.011716989634970707,"frozenset({'explosions in the sky', 'sigur rós'})"
0.011266336187471835,"frozenset({'the prodigy', 'faithless'})"
0.010815682739972961,"frozenset({'foo fighters', 'fall out boy'})"
0.012618296529968454,"frozenset({'green day', 'fall out boy'})"
0.013519603424966201,"frozenset({'linkin park', 'fall out boy'})"
0.010365029292474088,"frozenset({'the killers', 'fall out boy'})"
0.011266336187471835,"frozenset({'the offspring', 'fall out boy'})"
0.012618296529968454,"frozenset({'fatboy slim', 'the chemical brothers'})"
0.012618296529968454,"frozenset({'feist', 'radiohead'})"
0.011716989634970707,"frozenset({'feist', 'the beatles'})"
0.018026137899954935,"frozenset({'foo fighters', 'green day'})"
0.014871563767462822,"frozenset({'foo fighters', 'incubus'})"
0.015772870662460567,"frozenset({'foo fighters', 'kings of leon'})"
0.014871563767462822,"frozenset({'foo fighters', 'koЯn'})"
0.014871563767462822,"frozenset({'foo fighters', 'linkin park'})"
0.021631365479945923,"frozenset({'foo fighters', 'metallica'})"
0.018476791347453808,"frozenset({'muse', 'foo fighters'})"
0.014420910319963948,"frozenset({'nine inch nails', 'foo fighters'})"
0.020279405137449302,"frozenset({'foo fighters', 'nirvana'})"
0.012618296529968454,"frozenset({'foo fighters', 'oasis'})"
0.01622352410995944,"frozenset({'foo fighters', 'pearl jam'})"
0.010815682739972961,"frozenset({'foo fighters', 'pink floyd'})"
0.01216764308246958,"frozenset({'placebo', 'foo fighters'})"
0.015772870662460567,"frozenset({'foo fighters', 'queens of the stone age'})"
0.02433528616493916,"frozenset({'foo fighters', 'radiohead'})"
0.011716989634970707,"frozenset({'foo fighters', 'rage against the machine'})"
0.025236593059936908,"frozenset({'red hot chili peppers', 'foo fighters'})"
0.010365029292474088,"frozenset({'rise against', 'foo fighters'})"
0.010815682739972961,"frozenset({'foo fighters', 'slipknot'})"
0.011716989634970707,"frozenset({'snow patrol', 'foo fighters'})"
0.018026137899954935,"frozenset({'foo fighters', 'system of a down'})"
0.01892744479495268,"frozenset({'foo fighters', 'the beatles'})"
0.01892744479495268,"frozenset({'the killers', 'foo fighters'})"
0.02118071203244705,"frozenset({'the offspring', 'foo fighters'})"
0.014420910319963948,"frozenset({'the smashing pumpkins', 'foo fighters'})"
0.010365029292474088,"frozenset({'the strokes', 'foo fighters'})"
0.015772870662460567,"frozenset({'the white stripes', 'foo fighters'})"
0.010815682739972961,"frozenset({'tool', 'foo fighters'})"
0.011716989634970707,"frozenset({'u2', 'foo fighters'})"
0.011716989634970707,"frozenset({'muse', 'franz ferdinand'})"
0.015772870662460567,"frozenset({'radiohead', 'franz ferdinand'})"
0.011716989634970707,"frozenset({'red hot chili peppers', 'franz ferdinand'})"
0.01216764308246958,"frozenset({'the beatles', 'franz ferdinand'})"
0.01892744479495268,"frozenset({'the killers', 'franz ferdinand'})"
0.011266336187471835,"frozenset({'the kooks', 'franz ferdinand'})"
0.01216764308246958,"frozenset({'the strokes', 'franz ferdinand'})"
0.010815682739972961,"frozenset({'röyksopp', 'goldfrapp'})"
0.011716989634970707,"frozenset({'linkin park', 'gorillaz'})"
0.015772870662460567,"frozenset({'radiohead', 'gorillaz'})"
0.011266336187471835,"frozenset({'red hot chili peppers', 'gorillaz'})"
0.011266336187471835,"frozenset({'system of a down', 'gorillaz'})"
0.01216764308246958,"frozenset({'the beatles', 'gorillaz'})"
0.01982875168995043,"frozenset({'linkin park', 'green day'})"
0.018026137899954935,"frozenset({'metallica', 'green day'})"
0.012618296529968454,"frozenset({'muse', 'green day'})"
0.010365029292474088,"frozenset({'nine inch nails', 'green day'})"
0.015322217214961695,"frozenset({'green day', 'nirvana'})"
0.01622352410995944,"frozenset({'green day', 'radiohead'})"
0.011716989634970707,"frozenset({'green day', 'rage against the machine'})"
0.010365029292474088,"frozenset({'rammstein', 'green day'})"
0.025236593059936908,"frozenset({'red hot chili peppers', 'green day'})"
0.01892744479495268,"frozenset({'system of a down', 'green day'})"
0.01622352410995944,"frozenset({'green day', 'the beatles'})"
0.017124831004957188,"frozenset({'the killers', 'green day'})"
0.020730058584948176,"frozenset({'the offspring', 'green day'})"
0.010365029292474088,"frozenset({'the smashing pumpkins', 'green day'})"
0.012618296529968454,"frozenset({'metallica', 'guns n roses'})"
0.013970256872465074,"frozenset({'iron maiden', 'helloween'})"
0.014420910319963948,"frozenset({'metallica', 'helloween'})"
0.011266336187471835,"frozenset({'helloween', 'nightwish'})"
0.011716989634970707,"frozenset({'hot chip', 'radiohead'})"
0.011716989634970707,"frozenset({'metallica', 'iced earth'})"
0.01892744479495268,"frozenset({'iron maiden', 'in flames'})"
0.010365029292474088,"frozenset({'judas priest', 'in flames'})"
0.013068949977467327,"frozenset({'killswitch engage', 'in flames'})"
0.011716989634970707,"frozenset({'in flames', 'koЯn'})"
0.02253267237494367,"frozenset({'in flames', 'metallica'})"
0.011716989634970707,"frozenset({'muse', 'in flames'})"
0.013519603424966201,"frozenset({'in flames', 'nightwish'})"
0.012618296529968454,"frozenset({'opeth', 'in flames'})"
0.010365029292474088,"frozenset({'in flames', 'pantera'})"
0.013519603424966201,"frozenset({'in flames', 'rammstein'})"
0.01216764308246958,"frozenset({'slayer', 'in flames'})"
0.013970256872465074,"frozenset({'in flames', 'slipknot'})"
0.011716989634970707,"frozenset({'in flames', 'soilwork'})"
0.015772870662460567,"frozenset({'in flames', 'system of a down'})"
0.010815682739972961,"frozenset({'tool', 'in flames'})"
0.010365029292474088,"frozenset({'metallica', 'incubus'})"
0.014871563767462822,"frozenset({'muse', 'incubus'})"
0.01892744479495268,"frozenset({'radiohead', 'incubus'})"
0.011266336187471835,"frozenset({'rage against the machine', 'incubus'})"
0.011716989634970707,"frozenset({'red hot chili peppers', 'incubus'})"
0.011266336187471835,"frozenset({'the killers', 'incubus'})"
0.013068949977467327,"frozenset({'muse', 'interpol'})"
0.019378098242451555,"frozenset({'interpol', 'radiohead'})"
0.010365029292474088,"frozenset({'interpol', 'the beatles'})"
0.011716989634970707,"frozenset({'interpol', 'the cure'})"
0.013519603424966201,"frozenset({'the killers', 'interpol'})"
0.011266336187471835,"frozenset({'iron & wine', 'radiohead'})"
0.01892744479495268,"frozenset({'iron maiden', 'judas priest'})"
0.013519603424966201,"frozenset({'iron maiden', 'led zeppelin'})"
0.018476791347453808,"frozenset({'iron maiden', 'megadeth'})"
0.03875619648490311,"frozenset({'iron maiden', 'metallica'})"
0.01892744479495268,"frozenset({'iron maiden', 'nightwish'})"
0.011266336187471835,"frozenset({'iron maiden', 'nirvana'})"
0.01216764308246958,"frozenset({'iron maiden', 'pantera'})"
0.015322217214961695,"frozenset({'iron maiden', 'pink floyd'})"
0.010815682739972961,"frozenset({'iron maiden', 'queen'})"
0.013970256872465074,"frozenset({'iron maiden', 'rammstein'})"
0.01622352410995944,"frozenset({'iron maiden', 'red hot chili peppers'})"
0.017124831004957188,"frozenset({'iron maiden', 'slayer'})"
0.015322217214961695,"frozenset({'iron maiden', 'system of a down'})"
0.010815682739972961,"frozenset({'iron maiden', 'the beatles'})"
0.01216764308246958,"frozenset({'iron maiden', 'the offspring'})"
0.013519603424966201,"frozenset({'jack johnson', 'radiohead'})"
0.011266336187471835,"frozenset({'red hot chili peppers', 'jack johnson'})"
0.013519603424966201,"frozenset({'jack johnson', 'the beatles'})"
0.012618296529968454,"frozenset({'jamiroquai', 'radiohead'})"
0.019378098242451555,"frozenset({'kanye west', 'jay-z'})"
0.014420910319963948,"frozenset({'nas', 'jay-z'})"
0.01892744479495268,"frozenset({'led zeppelin', 'jimi hendrix'})"
0.011266336187471835,"frozenset({'metallica', 'jimi hendrix'})"
0.01216764308246958,"frozenset({'pink floyd', 'jimi hendrix'})"
0.011266336187471835,"frozenset({'radiohead', 'jimi hendrix'})"
0.016674177557458314,"frozenset({'the beatles', 'jimi hendrix'})"
0.01216764308246958,"frozenset({'the doors', 'jimi hendrix'})"
0.011266336187471835,"frozenset({'jimi hendrix', 'the rolling stones'})"
0.011266336187471835,"frozenset({'pink floyd', 'johnny cash'})"
0.011266336187471835,"frozenset({'queen', 'johnny cash'})"
0.014420910319963948,"frozenset({'radiohead', 'johnny cash'})"
0.021631365479945923,"frozenset({'the beatles', 'johnny cash'})"
0.015322217214961695,"frozenset({'radiohead', 'josé gonzález'})"
0.013970256872465074,"frozenset({'radiohead', 'joy division'})"
0.013068949977467327,"frozenset({'joy division', 'the cure'})"
0.01216764308246958,"frozenset({'the smiths', 'joy division'})"
0.013519603424966201,"frozenset({'judas priest', 'megadeth'})"
0.01757548445245606,"frozenset({'judas priest', 'metallica'})"
0.012618296529968454,"frozenset({'judas priest', 'slayer'})"
0.013970256872465074,"frozenset({'the killers', 'kaiser chiefs'})"
0.011266336187471835,"frozenset({'kanye west', 'linkin park'})"
0.018026137899954935,"frozenset({'kanye west', 'nas'})"
0.011266336187471835,"frozenset({'snoop dogg', 'kanye west'})"
0.012618296529968454,"frozenset({'kanye west', 't.i.'})"
0.011266336187471835,"frozenset({'kanye west', 'the beatles'})"
0.010365029292474088,"frozenset({'kanye west', 'the game'})"
0.011266336187471835,"frozenset({'keane', 'radiohead'})"
0.010365029292474088,"frozenset({'keane', 'snow patrol'})"
0.011716989634970707,"frozenset({'keane', 'the killers'})"
0.01216764308246958,"frozenset({'mgmt', 'kings of leon'})"
0.011716989634970707,"frozenset({'muse', 'kings of leon'})"
0.010365029292474088,"frozenset({'oasis', 'kings of leon'})"
0.01982875168995043,"frozenset({'radiohead', 'kings of leon'})"
0.010815682739972961,"frozenset({'sigur rós', 'kings of leon'})"
0.013519603424966201,"frozenset({'the beatles', 'kings of leon'})"
0.014420910319963948,"frozenset({'the killers', 'kings of leon'})"
0.010365029292474088,"frozenset({'the kooks', 'kings of leon'})"
0.011266336187471835,"frozenset({'the white stripes', 'kings of leon'})"
0.01622352410995944,"frozenset({'limp bizkit', 'koЯn'})"
0.01757548445245606,"frozenset({'linkin park', 'koЯn'})"
0.013068949977467327,"frozenset({'marilyn manson', 'koЯn'})"
0.02118071203244705,"frozenset({'metallica', 'koЯn'})"
0.011716989634970707,"frozenset({'muse', 'koЯn'})"
0.011266336187471835,"frozenset({'nine inch nails', 'koЯn'})"
0.013519603424966201,"frozenset({'koЯn', 'nirvana'})"
0.010815682739972961,"frozenset({'koЯn', 'papa roach'})"
0.010815682739972961,"frozenset({'rage against the machine', 'koЯn'})"
0.018476791347453808,"frozenset({'rammstein', 'koЯn'})"
0.013519603424966201,"frozenset({'red hot chili peppers', 'koЯn'})"
0.020730058584948176,"frozenset({'koЯn', 'slipknot'})"
0.010815682739972961,"frozenset({'static-x', 'koЯn'})"
0.026137899954934655,"frozenset({'system of a down', 'koЯn'})"
0.015772870662460567,"frozenset({'the offspring', 'koЯn'})"
0.010365029292474088,"frozenset({'the prodigy', 'koЯn'})"
0.010365029292474088,"frozenset({'kreator', 'slayer'})"
0.014871563767462822,"frozenset({'madonna', 'kylie minogue'})"
0.020279405137449302,"frozenset({'led zeppelin', 'metallica'})"
0.013068949977467327,"frozenset({'muse', 'led zeppelin'})"
0.015322217214961695,"frozenset({'led zeppelin', 'nirvana'})"
0.010815682739972961,"frozenset({'led zeppelin', 'pearl jam'})"
0.031545741324921134,"frozenset({'led zeppelin', 'pink floyd'})"
0.01622352410995944,"frozenset({'led zeppelin', 'queen'})"
0.01216764308246958,"frozenset({'led zeppelin', 'queens of the stone age'})"
0.02253267237494367,"frozenset({'led zeppelin', 'radiohead'})"
0.010365029292474088,"frozenset({'led zeppelin', 'rage against the machine'})"
0.014420910319963948,"frozenset({'led zeppelin', 'red hot chili peppers'})"
0.011716989634970707,"frozenset({'led zeppelin', 'system of a down'})"
0.03244704821991888,"frozenset({'led zeppelin', 'the beatles'})"
0.010365029292474088,"frozenset({'led zeppelin', 'the cure'})"
0.01216764308246958,"frozenset({'led zeppelin', 'the doors'})"
0.01757548445245606,"frozenset({'led zeppelin', 'the rolling stones'})"
0.010365029292474088,"frozenset({'led zeppelin', 'the strokes'})"
0.012618296529968454,"frozenset({'the white stripes', 'led zeppelin'})"
0.011266336187471835,"frozenset({'led zeppelin', 'the who'})"
0.010365029292474088,"frozenset({'led zeppelin', 'u2'})"
0.018026137899954935,"frozenset({'linkin park', 'limp bizkit'})"
0.01216764308246958,"frozenset({'metallica', 'limp bizkit'})"
0.011716989634970707,"frozenset({'system of a down', 'limp bizkit'})"
0.011716989634970707,"frozenset({'the offspring', 'limp bizkit'})"
0.010365029292474088,"frozenset({'lostprophets', 'linkin park'})"
0.02253267237494367,"frozenset({'metallica', 'linkin park'})"
0.010815682739972961,"frozenset({'linkin park', 'moby'})"
0.015772870662460567,"frozenset({'muse', 'linkin park'})"
0.01982875168995043,"frozenset({'nickelback', 'linkin park'})"
0.013068949977467327,"frozenset({'linkin park', 'nirvana'})"
0.010365029292474088,"frozenset({'p.o.d.', 'linkin park'})"
0.013970256872465074,"frozenset({'linkin park', 'papa roach'})"
0.011716989634970707,"frozenset({'linkin park', 'radiohead'})"
0.010365029292474088,"frozenset({'linkin park', 'rage against the machine'})"
0.018026137899954935,"frozenset({'rammstein', 'linkin park'})"
0.021631365479945923,"frozenset({'red hot chili peppers', 'linkin park'})"
0.01216764308246958,"frozenset({'rise against', 'linkin park'})"
0.01622352410995944,"frozenset({'linkin park', 'slipknot'})"
0.01216764308246958,"frozenset({'snow patrol', 'linkin park'})"
0.011266336187471835,"frozenset({'linkin park', 'sum 41'})"
0.026137899954934655,"frozenset({'system of a down', 'linkin park'})"
0.01216764308246958,"frozenset({'linkin park', 'the beatles'})"
0.01892744479495268,"frozenset({'the killers', 'linkin park'})"
0.015322217214961695,"frozenset({'the offspring', 'linkin park'})"
0.015772870662460567,"frozenset({'the prodigy', 'linkin park'})"
0.010815682739972961,"frozenset({'three days grace', 'linkin park'})"
0.010365029292474088,"frozenset({'m83', 'radiohead'})"
0.010815682739972961,"frozenset({'moby', 'madonna'})"
0.010365029292474088,"frozenset({'nelly furtado', 'madonna'})"
0.011266336187471835,"frozenset({'rihanna', 'madonna'})"
0.010365029292474088,"frozenset({'manu chao', 'radiohead'})"
0.013970256872465074,"frozenset({'marilyn manson', 'metallica'})"
0.013519603424966201,"frozenset({'muse', 'marilyn manson'})"
0.013519603424966201,"frozenset({'marilyn manson', 'nine inch nails'})"
0.010365029292474088,"frozenset({'marilyn manson', 'nirvana'})"
0.013970256872465074,"frozenset({'marilyn manson', 'rammstein'})"
0.013519603424966201,"frozenset({'marilyn manson', 'slipknot'})"
0.015322217214961695,"frozenset({'marilyn manson', 'system of a down'})"
0.010815682739972961,"frozenset({'marilyn manson', 'the prodigy'})"
0.01757548445245606,"frozenset({'moby', 'massive attack'})"
0.013068949977467327,"frozenset({'muse', 'massive attack'})"
0.012618296529968454,"frozenset({'nine inch nails', 'massive attack'})"
0.02253267237494367,"frozenset({'portishead', 'massive attack'})"
0.01982875168995043,"frozenset({'radiohead', 'massive attack'})"
0.013068949977467327,"frozenset({'massive attack', 'röyksopp'})"
0.013519603424966201,"frozenset({'the beatles', 'massive attack'})"
0.013519603424966201,"frozenset({'the chemical brothers', 'massive attack'})"
0.013068949977467327,"frozenset({'the prodigy', 'massive attack'})"
0.011716989634970707,"frozenset({'massive attack', 'thievery corporation'})"
0.021631365479945923,"frozenset({'metallica', 'megadeth'})"
0.012618296529968454,"frozenset({'megadeth', 'pantera'})"
0.01622352410995944,"frozenset({'slayer', 'megadeth'})"
0.013970256872465074,"frozenset({'motörhead', 'metallica'})"
0.016674177557458314,"frozenset({'muse', 'metallica'})"
0.023433979269941414,"frozenset({'metallica', 'nightwish'})"
0.015322217214961695,"frozenset({'nine inch nails', 'metallica'})"
0.026137899954934655,"frozenset({'metallica', 'nirvana'})"
0.014420910319963948,"frozenset({'opeth', 'metallica'})"
0.010815682739972961,"frozenset({'metallica', 'ozzy osbourne'})"
0.015322217214961695,"frozenset({'metallica', 'pantera'})"
0.011716989634970707,"frozenset({'metallica', 'pearl jam'})"
0.02658855340243353,"frozenset({'metallica', 'pink floyd'})"
0.01757548445245606,"frozenset({'metallica', 'queen'})"
0.020730058584948176,"frozenset({'metallica', 'radiohead'})"
0.016674177557458314,"frozenset({'metallica', 'rage against the machine'})"
0.02794051374493015,"frozenset({'rammstein', 'metallica'})"
0.010815682739972961,"frozenset({'ramones', 'metallica'})"
0.028391167192429023,"frozenset({'red hot chili peppers', 'metallica'})"
0.010815682739972961,"frozenset({'metallica', 'sepultura'})"
0.02118071203244705,"frozenset({'slayer', 'metallica'})"
0.01982875168995043,"frozenset({'metallica', 'slipknot'})"
0.03740423614240649,"frozenset({'metallica', 'system of a down'})"
0.010365029292474088,"frozenset({'metallica', 'tenacious d'})"
0.027039206849932402,"frozenset({'metallica', 'the beatles'})"
0.011266336187471835,"frozenset({'the killers', 'metallica'})"
0.023433979269941414,"frozenset({'the offspring', 'metallica'})"
0.011716989634970707,"frozenset({'the prodigy', 'metallica'})"
0.010365029292474088,"frozenset({'metallica', 'the rolling stones'})"
0.011266336187471835,"frozenset({'the white stripes', 'metallica'})"
0.014871563767462822,"frozenset({'tool', 'metallica'})"
0.011716989634970707,"frozenset({'u2', 'metallica'})"
0.012618296529968454,"frozenset({'the beatles', 'michael jackson'})"
0.011266336187471835,"frozenset({'muse', 'moby'})"
0.010365029292474088,"frozenset({'moby', 'nirvana'})"
0.010365029292474088,"frozenset({'placebo', 'moby'})"
0.012618296529968454,"frozenset({'portishead', 'moby'})"
0.011716989634970707,"frozenset({'moby', 'radiohead'})"
0.011266336187471835,"frozenset({'red hot chili peppers', 'moby'})"
0.013519603424966201,"frozenset({'moby', 'röyksopp'})"
0.013068949977467327,"frozenset({'moby', 'the beatles'})"
0.011266336187471835,"frozenset({'the chemical brothers', 'moby'})"
0.011716989634970707,"frozenset({'the prodigy', 'moby'})"
0.018026137899954935,"frozenset({'radiohead', 'modest mouse'})"
0.014871563767462822,"frozenset({'the beatles', 'modest mouse'})"
0.015772870662460567,"frozenset({'radiohead', 'mogwai'})"
0.014420910319963948,"frozenset({'sigur rós', 'mogwai'})"
0.011266336187471835,"frozenset({'morrissey', 'the smiths'})"
0.01622352410995944,"frozenset({'muse', 'nine inch nails'})"
0.017124831004957188,"frozenset({'muse', 'nirvana'})"
0.013970256872465074,"frozenset({'muse', 'oasis'})"
0.01216764308246958,"frozenset({'muse', 'pink floyd'})"
0.020730058584948176,"frozenset({'muse', 'placebo'})"
0.015322217214961695,"frozenset({'muse', 'portishead'})"
0.014871563767462822,"frozenset({'muse', 'queens of the stone age'})"
0.03650292924740874,"frozenset({'muse', 'radiohead'})"
0.013068949977467327,"frozenset({'muse', 'rage against the machine'})"
0.01216764308246958,"frozenset({'muse', 'rammstein'})"
0.02253267237494367,"frozenset({'muse', 'red hot chili peppers'})"
0.014420910319963948,"frozenset({'muse', 'sigur rós'})"
0.012618296529968454,"frozenset({'muse', 'snow patrol'})"
0.025236593059936908,"frozenset({'muse', 'system of a down'})"
0.01892744479495268,"frozenset({'muse', 'the beatles'})"
0.024785939612438034,"frozenset({'muse', 'the killers'})"
0.011266336187471835,"frozenset({'muse', 'the offspring'})"
0.015772870662460567,"frozenset({'muse', 'the prodigy'})"
0.010365029292474088,"frozenset({'muse', 'the smashing pumpkins'})"
0.011716989634970707,"frozenset({'muse', 'the strokes'})"
0.01622352410995944,"frozenset({'muse', 'the white stripes'})"
0.012618296529968454,"frozenset({'muse', 'tool'})"
0.012618296529968454,"frozenset({'neil young', 'radiohead'})"
0.013970256872465074,"frozenset({'neil young', 'the beatles'})"
0.010365029292474088,"frozenset({'the beatles', 'nick drake'})"
0.010815682739972961,"frozenset({'nickelback', 'red hot chili peppers'})"
0.010815682739972961,"frozenset({'the killers', 'nickelback'})"
0.010815682739972961,"frozenset({'nickelback', 'the offspring'})"
0.018026137899954935,"frozenset({'rammstein', 'nightwish'})"
0.012618296529968454,"frozenset({'sonata arctica', 'nightwish'})"
0.015322217214961695,"frozenset({'system of a down', 'nightwish'})"
0.01216764308246958,"frozenset({'the offspring', 'nightwish'})"
0.013068949977467327,"frozenset({'nine inch nails', 'nirvana'})"
0.01216764308246958,"frozenset({'nine inch nails', 'pearl jam'})"
0.01216764308246958,"frozenset({'portishead', 'nine inch nails'})"
0.015322217214961695,"frozenset({'nine inch nails', 'queens of the stone age'})"
0.025236593059936908,"frozenset({'nine inch nails', 'radiohead'})"
0.010365029292474088,"frozenset({'nine inch nails', 'rammstein'})"
0.013519603424966201,"frozenset({'red hot chili peppers', 'nine inch nails'})"
0.012618296529968454,"frozenset({'nine inch nails', 'system of a down'})"
0.013519603424966201,"frozenset({'nine inch nails', 'the beatles'})"
0.013519603424966201,"frozenset({'nine inch nails', 'the cure'})"
0.011266336187471835,"frozenset({'the killers', 'nine inch nails'})"
0.012618296529968454,"frozenset({'nine inch nails', 'the prodigy'})"
0.018476791347453808,"frozenset({'nine inch nails', 'the smashing pumpkins'})"
0.01757548445245606,"frozenset({'tool', 'nine inch nails'})"
0.013068949977467327,"frozenset({'oasis', 'nirvana'})"
0.013970256872465074,"frozenset({'pearl jam', 'nirvana'})"
0.01892744479495268,"frozenset({'pink floyd', 'nirvana'})"
0.01216764308246958,"frozenset({'placebo', 'nirvana'})"
0.012618296529968454,"frozenset({'queen', 'nirvana'})"
0.026137899954934655,"frozenset({'radiohead', 'nirvana'})"
0.01216764308246958,"frozenset({'rage against the machine', 'nirvana'})"
0.014871563767462822,"frozenset({'rammstein', 'nirvana'})"
0.011716989634970707,"frozenset({'ramones', 'nirvana'})"
0.028841820639927896,"frozenset({'red hot chili peppers', 'nirvana'})"
0.011266336187471835,"frozenset({'slipknot', 'nirvana'})"
0.02433528616493916,"frozenset({'system of a down', 'nirvana'})"
0.028391167192429023,"frozenset({'the beatles', 'nirvana'})"
0.010815682739972961,"frozenset({'the cure', 'nirvana'})"
0.013970256872465074,"frozenset({'the doors', 'nirvana'})"
0.014871563767462822,"frozenset({'the killers', 'nirvana'})"
0.01982875168995043,"frozenset({'the offspring', 'nirvana'})"
0.014871563767462822,"frozenset({'the smashing pumpkins', 'nirvana'})"
0.012618296529968454,"frozenset({'the strokes', 'nirvana'})"
0.015772870662460567,"frozenset({'the white stripes', 'nirvana'})"
0.011716989634970707,"frozenset({'u2', 'nirvana'})"
0.010815682739972961,"frozenset({'nofx', 'rancid'})"
0.010365029292474088,"frozenset({'norah jones', 'the beatles'})"
0.01757548445245606,"frozenset({'radiohead', 'oasis'})"
0.017124831004957188,"frozenset({'red hot chili peppers', 'oasis'})"
0.01757548445245606,"frozenset({'the beatles', 'oasis'})"
0.01216764308246958,"frozenset({'the killers', 'oasis'})"
0.010815682739972961,"frozenset({'u2', 'oasis'})"
0.013068949977467327,"frozenset({'slayer', 'pantera'})"
0.013068949977467327,"frozenset({'system of a down', 'papa roach'})"
0.010365029292474088,"frozenset({'the offspring', 'papa roach'})"
0.013970256872465074,"frozenset({'pearl jam', 'pink floyd'})"
0.01982875168995043,"frozenset({'pearl jam', 'radiohead'})"
0.015772870662460567,"frozenset({'red hot chili peppers', 'pearl jam'})"
0.011266336187471835,"frozenset({'pearl jam', 'the beatles'})"
0.015322217214961695,"frozenset({'the smashing pumpkins', 'pearl jam'})"
0.011716989634970707,"frozenset({'u2', 'pearl jam'})"
0.010365029292474088,"frozenset({'system of a down', 'pendulum'})"
0.010365029292474088,"frozenset({'the prodigy', 'pendulum'})"
0.012618296529968454,"frozenset({'porcupine tree', 'pink floyd'})"
0.011266336187471835,"frozenset({'portishead', 'pink floyd'})"
0.017124831004957188,"frozenset({'pink floyd', 'queen'})"
0.030193780982424517,"frozenset({'pink floyd', 'radiohead'})"
0.01216764308246958,"frozenset({'pink floyd', 'rage against the machine'})"
0.020279405137449302,"frozenset({'red hot chili peppers', 'pink floyd'})"
0.010365029292474088,"frozenset({'sigur rós', 'pink floyd'})"
0.016674177557458314,"frozenset({'system of a down', 'pink floyd'})"
0.03470031545741325,"frozenset({'pink floyd', 'the beatles'})"
0.01216764308246958,"frozenset({'pink floyd', 'the cure'})"
0.013970256872465074,"frozenset({'the doors', 'pink floyd'})"
0.01216764308246958,"frozenset({'pink floyd', 'the rolling stones'})"
0.010365029292474088,"frozenset({'the smashing pumpkins', 'pink floyd'})"
0.010815682739972961,"frozenset({'tom waits', 'pink floyd'})"
0.011266336187471835,"frozenset({'tool', 'pink floyd'})"
0.016674177557458314,"frozenset({'u2', 'pink floyd'})"
0.019378098242451555,"frozenset({'pixies', 'radiohead'})"
0.013068949977467327,"frozenset({'pixies', 'the beatles'})"
0.012618296529968454,"frozenset({'pixies', 'the cure'})"
0.011266336187471835,"frozenset({'pixies', 'the smiths'})"
0.010365029292474088,"frozenset({'radiohead', 'pj harvey'})"
0.020730058584948176,"frozenset({'placebo', 'radiohead'})"
0.013519603424966201,"frozenset({'red hot chili peppers', 'placebo'})"
0.011716989634970707,"frozenset({'placebo', 'system of a down'})"
0.013519603424966201,"frozenset({'the killers', 'placebo'})"
0.010815682739972961,"frozenset({'porcupine tree', 'radiohead'})"
0.010365029292474088,"frozenset({'portishead', 'queens of the stone age'})"
0.027489860297431275,"frozenset({'portishead', 'radiohead'})"
0.011716989634970707,"frozenset({'portishead', 'röyksopp'})"
0.01216764308246958,"frozenset({'portishead', 'sigur rós'})"
0.013068949977467327,"frozenset({'portishead', 'the beatles'})"
0.011716989634970707,"frozenset({'portishead', 'the cure'})"
0.010365029292474088,"frozenset({'the white stripes', 'portishead'})"
0.013068949977467327,"frozenset({'radiohead', 'queen'})"
0.013519603424966201,"frozenset({'red hot chili peppers', 'queen'})"
0.01216764308246958,"frozenset({'system of a down', 'queen'})"
0.024785939612438034,"frozenset({'the beatles', 'queen'})"
0.014871563767462822,"frozenset({'queen', 'the rolling stones'})"
0.016674177557458314,"frozenset({'u2', 'queen'})"
0.018476791347453808,"frozenset({'radiohead', 'queens of the stone age'})"
0.010365029292474088,"frozenset({'the beatles', 'queens of the stone age'})"
0.017124831004957188,"frozenset({'r.e.m.', 'radiohead'})"
0.012618296529968454,"frozenset({'red hot chili peppers', 'r.e.m.'})"
0.014420910319963948,"frozenset({'r.e.m.', 'the beatles'})"
0.01216764308246958,"frozenset({'r.e.m.', 'the cure'})"
0.012618296529968454,"frozenset({'u2', 'r.e.m.'})"
0.013519603424966201,"frozenset({'radiohead', 'rage against the machine'})"
0.030193780982424517,"frozenset({'red hot chili peppers', 'radiohead'})"
0.011266336187471835,"frozenset({'radiohead', 'röyksopp'})"
0.03064443442992339,"frozenset({'sigur rós', 'radiohead'})"
0.01216764308246958,"frozenset({'snow patrol', 'radiohead'})"
0.015322217214961695,"frozenset({'sonic youth', 'radiohead'})"
0.01622352410995944,"frozenset({'radiohead', 'sufjan stevens'})"
0.015322217214961695,"frozenset({'system of a down', 'radiohead'})"
0.046417305092383954,"frozenset({'radiohead', 'the beatles'})"
0.013068949977467327,"frozenset({'the chemical brothers', 'radiohead'})"
0.011266336187471835,"frozenset({'radiohead', 'the cinematic orchestra'})"
0.011266336187471835,"frozenset({'the clash', 'radiohead'})"
0.027489860297431275,"frozenset({'radiohead', 'the cure'})"
0.011716989634970707,"frozenset({'radiohead', 'the decemberists'})"
0.012618296529968454,"frozenset({'the doors', 'radiohead'})"
0.013068949977467327,"frozenset({'the flaming lips', 'radiohead'})"
0.021631365479945923,"frozenset({'the killers', 'radiohead'})"
0.010815682739972961,"frozenset({'the national', 'radiohead'})"
0.012618296529968454,"frozenset({'the prodigy', 'radiohead'})"
0.013519603424966201,"frozenset({'radiohead', 'the rolling stones'})"
0.015772870662460567,"frozenset({'radiohead', 'the shins'})"
0.025236593059936908,"frozenset({'the smashing pumpkins', 'radiohead'})"
0.01622352410995944,"frozenset({'radiohead', 'the smiths'})"
0.01892744479495268,"frozenset({'the strokes', 'radiohead'})"
0.020730058584948176,"frozenset({'the white stripes', 'radiohead'})"
0.010365029292474088,"frozenset({'radiohead', 'thievery corporation'})"
0.013970256872465074,"frozenset({'tom waits', 'radiohead'})"
0.016674177557458314,"frozenset({'tool', 'radiohead'})"
0.010815682739972961,"frozenset({'radiohead', 'tv on the radio'})"
0.01982875168995043,"frozenset({'u2', 'radiohead'})"
0.011716989634970707,"frozenset({'rammstein', 'rage against the machine'})"
0.01622352410995944,"frozenset({'red hot chili peppers', 'rage against the machine'})"
0.017124831004957188,"frozenset({'system of a down', 'rage against the machine'})"
0.013519603424966201,"frozenset({'the beatles', 'rage against the machine'})"
0.011716989634970707,"frozenset({'the offspring', 'rage against the machine'})"
0.010815682739972961,"frozenset({'tool', 'rage against the machine'})"
0.016674177557458314,"frozenset({'red hot chili peppers', 'rammstein'})"
0.010365029292474088,"frozenset({'slayer', 'rammstein'})"
0.013519603424966201,"frozenset({'rammstein', 'slipknot'})"
0.029743127534925643,"frozenset({'rammstein', 'system of a down'})"
0.01216764308246958,"frozenset({'rammstein', 'the beatles'})"
0.015322217214961695,"frozenset({'rammstein', 'the offspring'})"
0.014871563767462822,"frozenset({'the prodigy', 'rammstein'})"
0.02658855340243353,"frozenset({'red hot chili peppers', 'system of a down'})"
0.029743127534925643,"frozenset({'red hot chili peppers', 'the beatles'})"
0.01216764308246958,"frozenset({'red hot chili peppers', 'the cure'})"
0.011266336187471835,"frozenset({'red hot chili peppers', 'the doors'})"
0.020279405137449302,"frozenset({'the killers', 'red hot chili peppers'})"
0.022082018927444796,"frozenset({'red hot chili peppers', 'the offspring'})"
0.013519603424966201,"frozenset({'red hot chili peppers', 'the prodigy'})"
0.012618296529968454,"frozenset({'red hot chili peppers', 'the rolling stones'})"
0.010365029292474088,"frozenset({'red hot chili peppers', 'the smashing pumpkins'})"
0.011266336187471835,"frozenset({'red hot chili peppers', 'the strokes'})"
0.016674177557458314,"frozenset({'the white stripes', 'red hot chili peppers'})"
0.017124831004957188,"frozenset({'red hot chili peppers', 'u2'})"
0.013970256872465074,"frozenset({'rise against', 'the offspring'})"
0.010365029292474088,"frozenset({'slayer', 'sepultura'})"
0.012618296529968454,"frozenset({'sigur rós', 'the beatles'})"
0.013068949977467327,"frozenset({'sigur rós', 'the smashing pumpkins'})"
0.012618296529968454,"frozenset({'simon & garfunkel', 'the beatles'})"
0.011266336187471835,"frozenset({'static-x', 'slipknot'})"
0.023433979269941414,"frozenset({'system of a down', 'slipknot'})"
0.016674177557458314,"frozenset({'the killers', 'snow patrol'})"
0.01216764308246958,"frozenset({'sonic youth', 'the beatles'})"
0.010815682739972961,"frozenset({'sonic youth', 'the smiths'})"
0.010815682739972961,"frozenset({'sonic youth', 'the velvet underground'})"
0.010365029292474088,"frozenset({'static-x', 'system of a down'})"
0.013068949977467327,"frozenset({'the offspring', 'sum 41'})"
0.016674177557458314,"frozenset({'system of a down', 'the beatles'})"
0.013519603424966201,"frozenset({'the killers', 'system of a down'})"
0.020279405137449302,"frozenset({'the offspring', 'system of a down'})"
0.01622352410995944,"frozenset({'the prodigy', 'system of a down'})"
0.015322217214961695,"frozenset({'tool', 'system of a down'})"
0.015322217214961695,"frozenset({'the beach boys', 'the beatles'})"
0.016674177557458314,"frozenset({'the clash', 'the beatles'})"
0.02253267237494367,"frozenset({'the beatles', 'the cure'})"
0.01757548445245606,"frozenset({'the doors', 'the beatles'})"
0.014871563767462822,"frozenset({'the flaming lips', 'the beatles'})"
0.019378098242451555,"frozenset({'the killers', 'the beatles'})"
0.013970256872465074,"frozenset({'the kinks', 'the beatles'})"
0.011716989634970707,"frozenset({'the offspring', 'the beatles'})"
0.02298332582244254,"frozenset({'the beatles', 'the rolling stones'})"
0.012618296529968454,"frozenset({'the beatles', 'the shins'})"
0.01757548445245606,"frozenset({'the smashing pumpkins', 'the beatles'})"
0.01757548445245606,"frozenset({'the beatles', 'the smiths'})"
0.019378098242451555,"frozenset({'the strokes', 'the beatles'})"
0.013068949977467327,"frozenset({'the velvet underground', 'the beatles'})"
0.02298332582244254,"frozenset({'the white stripes', 'the beatles'})"
0.014420910319963948,"frozenset({'the beatles', 'the who'})"
0.015772870662460567,"frozenset({'tom waits', 'the beatles'})"
0.01982875168995043,"frozenset({'u2', 'the beatles'})"
0.018026137899954935,"frozenset({'the prodigy', 'the chemical brothers'})"
0.010815682739972961,"frozenset({'the white stripes', 'the clash'})"
0.013519603424966201,"frozenset({'the smashing pumpkins', 'the cure'})"
0.017124831004957188,"frozenset({'the smiths', 'the cure'})"
0.011716989634970707,"frozenset({'the white stripes', 'the cure'})"
0.013068949977467327,"frozenset({'u2', 'the cure'})"
0.013519603424966201,"frozenset({'the kooks', 'the killers'})"
0.011716989634970707,"frozenset({'the killers', 'the offspring'})"
0.012618296529968454,"frozenset({'the killers', 'the smashing pumpkins'})"
0.01622352410995944,"frozenset({'the killers', 'the strokes'})"
0.013068949977467327,"frozenset({'the killers', 'the white stripes'})"
0.014420910319963948,"frozenset({'the killers', 'u2'})"
0.010365029292474088,"frozenset({'tool', 'the mars volta'})"
0.010365029292474088,"frozenset({'the white stripes', 'the rolling stones'})"
0.010365029292474088,"frozenset({'the who', 'the rolling stones'})"
0.010365029292474088,"frozenset({'tool', 'the smashing pumpkins'})"
0.010365029292474088,"frozenset({'u2', 'the smashing pumpkins'})"
0.013519603424966201,"frozenset({'the white stripes', 'the strokes'})"
0.010365029292474088,"frozenset({'metallica', 'ac/dc', 'black sabbath'})"
0.011716989634970707,"frozenset({'iron maiden', 'ac/dc', 'judas priest'})"
0.012618296529968454,"frozenset({'iron maiden', 'metallica', 'ac/dc'})"
0.010815682739972961,"frozenset({'muse', 'arctic monkeys', 'coldplay'})"
0.01216764308246958,"frozenset({'the killers', 'arctic monkeys', 'coldplay'})"
0.011266336187471835,"frozenset({'beck', 'radiohead', 'coldplay'})"
0.012618296529968454,"frozenset({'beck', 'radiohead', 'the beatles'})"
0.010815682739972961,"frozenset({'bob dylan', 'radiohead', 'the beatles'})"
0.010815682739972961,"frozenset({'radiohead', 'death cab for cutie', 'coldplay'})"
0.01216764308246958,"frozenset({'muse', 'radiohead', 'coldplay'})"
0.010815682739972961,"frozenset({'red hot chili peppers', 'coldplay', 'nirvana'})"
0.010365029292474088,"frozenset({'radiohead', 'oasis', 'coldplay'})"
0.010815682739972961,"frozenset({'pink floyd', 'radiohead', 'coldplay'})"
0.01216764308246958,"frozenset({'pink floyd', 'the beatles', 'coldplay'})"
0.012618296529968454,"frozenset({'red hot chili peppers', 'radiohead', 'coldplay'})"
0.011716989634970707,"frozenset({'sigur rós', 'radiohead', 'coldplay'})"
0.015772870662460567,"frozenset({'radiohead', 'the beatles', 'coldplay'})"
0.010815682739972961,"frozenset({'u2', 'radiohead', 'coldplay'})"
0.010815682739972961,"frozenset({'u2', 'the beatles', 'coldplay'})"
0.010365029292474088,"frozenset({'led zeppelin', 'david bowie', 'the beatles'})"
0.011716989634970707,"frozenset({'david bowie', 'pink floyd', 'the beatles'})"
0.010815682739972961,"frozenset({'david bowie', 'radiohead', 'the beatles'})"
0.010815682739972961,"frozenset({'disturbed', 'koЯn', 'slipknot'})"
0.011716989634970707,"frozenset({'disturbed', 'system of a down', 'koЯn'})"
0.013068949977467327,"frozenset({'disturbed', 'system of a down', 'metallica'})"
0.010365029292474088,"frozenset({'red hot chili peppers', 'the offspring', 'foo fighters'})"
0.010815682739972961,"frozenset({'system of a down', 'red hot chili peppers', 'green day'})"
0.010365029292474088,"frozenset({'iron maiden', 'in flames', 'metallica'})"
0.011716989634970707,"frozenset({'iron maiden', 'metallica', 'judas priest'})"
0.012618296529968454,"frozenset({'iron maiden', 'megadeth', 'metallica'})"
0.011716989634970707,"frozenset({'iron maiden', 'metallica', 'nightwish'})"
0.010365029292474088,"frozenset({'iron maiden', 'pink floyd', 'metallica'})"
0.01216764308246958,"frozenset({'iron maiden', 'red hot chili peppers', 'metallica'})"
0.010365029292474088,"frozenset({'iron maiden', 'slayer', 'metallica'})"
0.011266336187471835,"frozenset({'koЯn', 'linkin park', 'slipknot'})"
0.011716989634970707,"frozenset({'system of a down', 'linkin park', 'koЯn'})"
0.013519603424966201,"frozenset({'metallica', 'system of a down', 'koЯn'})"
0.011716989634970707,"frozenset({'rammstein', 'system of a down', 'koЯn'})"
0.014420910319963948,"frozenset({'koЯn', 'system of a down', 'slipknot'})"
0.010815682739972961,"frozenset({'led zeppelin', 'pink floyd', 'radiohead'})"
0.012618296529968454,"frozenset({'led zeppelin', 'pink floyd', 'the beatles'})"
0.010815682739972961,"frozenset({'system of a down', 'linkin park', 'metallica'})"
0.010365029292474088,"frozenset({'metallica', 'slayer', 'megadeth'})"
0.01216764308246958,"frozenset({'red hot chili peppers', 'metallica', 'nirvana'})"
0.011716989634970707,"frozenset({'metallica', 'system of a down', 'nirvana'})"
0.010815682739972961,"frozenset({'metallica', 'the beatles', 'nirvana'})"
0.011716989634970707,"frozenset({'the offspring', 'metallica', 'nirvana'})"
0.010815682739972961,"frozenset({'metallica', 'pink floyd', 'the beatles'})"
0.013068949977467327,"frozenset({'metallica', 'rammstein', 'system of a down'})"
0.014420910319963948,"frozenset({'metallica', 'red hot chili peppers', 'system of a down'})"
0.011266336187471835,"frozenset({'red hot chili peppers', 'the offspring', 'metallica'})"
0.010815682739972961,"frozenset({'metallica', 'system of a down', 'slipknot'})"
0.010815682739972961,"frozenset({'metallica', 'the offspring', 'system of a down'})"
0.010815682739972961,"frozenset({'red hot chili peppers', 'radiohead', 'nirvana'})"
0.010815682739972961,"frozenset({'red hot chili peppers', 'the beatles', 'nirvana'})"
0.010365029292474088,"frozenset({'red hot chili peppers', 'pink floyd', 'radiohead'})"
0.010365029292474088,"frozenset({'red hot chili peppers', 'radiohead', 'the beatles'})"
0.010815682739972961,"frozenset({'radiohead', 'the beatles', 'the cure'})"
0.010365029292474088,"frozenset({'the smashing pumpkins', 'radiohead', 'the beatles'})"
0.010365029292474088,"frozenset({'red hot chili peppers', 'the offspring', 'system of a down'})"
